student_id,course_id,grade,semester,credits,gpa,enrollment_status
AC-3001,COURSE-010,A-,2024-Fall,4,3.66,active
AC-3001,COURSE-007,B+,2024-Fall,3,3.26,active
AC-3001,COURSE-008,B+,2024-Fall,3,3.36,active
AC-3001,COURSE-006,B+,2025-Spring,3,3.31,active
AC-3001,COURSE-002,A-,2025-Spring,4,3.67,active
AC-3001,COURSE-008,B+,2025-Spring,3,3.26,active
AC-3001,COURSE-007,B-,2025-Spring,4,2.77,active
AC-3002,COURSE-005,B+,2024-Fall,4,3.24,active
AC-3002,COURSE-007,C+,2024-Fall,3,2.45,active
AC-3002,COURSE-005,B-,2024-Fall,3,2.78,active
AC-3002,COURSE-010,B-,2025-Spring,4,2.51,withdrawn
AC-3002,COURSE-006,B,2025-Spring,4,3.14,withdrawn
AC-3002,COURSE-005,B-,2025-Spring,4,2.8,withdrawn
AC-3002,COURSE-001,B,2025-Spring,4,2.91,withdrawn
AC-3003,COURSE-007,C+,2024-Fall,4,2.42,active
AC-3003,COURSE-002,B,2024-Fall,3,2.86,active
AC-3003,COURSE-009,B+,2024-Fall,3,3.28,active
AC-3003,COURSE-003,B-,2024-Fall,3,2.7,active
AC-3003,COURSE-007,B-,2024-Fall,3,2.61,active
AC-3003,COURSE-006,B-,2025-Spring,4,2.78,active
AC-3003,COURSE-004,B-,2025-Spring,3,2.67,active
AC-3003,COURSE-001,C+,2025-Spring,3,2.27,active
AC-3003,COURSE-008,B,2025-Spring,4,3.0,active
AC-3004,COURSE-003,C,2024-Fall,4,2.05,active
AC-3004,COURSE-004,B-,2024-Fall,3,2.75,active
AC-3004,COURSE-007,B-,2024-Fall,3,2.56,active
AC-3004,COURSE-010,B-,2024-Fall,3,2.66,active
AC-3004,COURSE-001,C+,2024-Fall,4,2.33,active
AC-3004,COURSE-008,B,2025-Spring,3,2.93,active
AC-3004,COURSE-005,C+,2025-Spring,4,2.41,active
AC-3004,COURSE-004,B-,2025-Spring,4,2.84,active
AC-3004,COURSE-009,B-,2025-Spring,4,2.69,active
AC-3005,COURSE-001,B+,2024-Fall,3,3.29,active
AC-3005,COURSE-002,B+,2024-Fall,3,3.17,active
AC-3005,COURSE-008,B+,2024-Fall,4,3.48,active
AC-3005,COURSE-002,B+,2024-Fall,3,3.36,active
AC-3005,COURSE-004,B,2024-Fall,3,3.08,active
AC-3005,COURSE-004,B+,2025-Spring,4,3.47,active
AC-3005,COURSE-004,B+,2025-Spring,3,3.33,active
AC-3005,COURSE-010,B,2025-Spring,4,3.1,active
AC-3005,COURSE-003,B+,2025-Spring,4,3.29,active
AC-3005,COURSE-003,B-,2025-Spring,3,2.83,active
AC-3006,COURSE-006,C,2024-Fall,4,1.97,active
AC-3006,COURSE-005,C-,2024-Fall,4,1.5,active
AC-3006,COURSE-003,D,2024-Fall,4,0.96,active
AC-3006,COURSE-010,C-,2024-Fall,3,1.53,active
AC-3006,COURSE-001,D,2025-Spring,3,1.34,withdrawn
AC-3006,COURSE-006,D,2025-Spring,3,1.17,withdrawn
AC-3006,COURSE-001,C-,2025-Spring,3,1.5,withdrawn
AC-3007,COURSE-005,B-,2024-Fall,4,2.56,active
AC-3007,COURSE-002,B,2024-Fall,4,3.03,active
AC-3007,COURSE-010,B-,2024-Fall,3,2.65,active
AC-3007,COURSE-006,B+,2024-Fall,4,3.27,active
AC-3007,COURSE-005,B-,2024-Fall,4,2.64,active
AC-3007,COURSE-002,B-,2025-Spring,4,2.84,active
AC-3007,COURSE-009,B-,2025-Spring,3,2.56,active
AC-3007,COURSE-001,B,2025-Spring,3,3.03,active
AC-3007,COURSE-004,B,2025-Spring,4,2.99,active
AC-3008,COURSE-001,B-,2024-Fall,4,2.82,active
AC-3008,COURSE-008,B,2024-Fall,3,3.0,active
AC-3008,COURSE-005,B,2024-Fall,4,2.97,active
AC-3008,COURSE-007,B+,2024-Fall,3,3.38,active
AC-3008,COURSE-009,B+,2024-Fall,3,3.27,active
AC-3008,COURSE-006,A-,2025-Spring,3,3.57,active
AC-3008,COURSE-008,B+,2025-Spring,3,3.4,active
AC-3008,COURSE-010,A-,2025-Spring,3,3.73,active
AC-3008,COURSE-009,B-,2025-Spring,3,2.62,active
AC-3009,COURSE-003,A,2024-Fall,3,4.0,active
AC-3009,COURSE-006,A,2024-Fall,4,4.0,active
AC-3009,COURSE-002,A,2024-Fall,4,4.0,active
AC-3009,COURSE-010,A,2024-Fall,4,4.0,active
AC-3009,COURSE-002,A-,2024-Fall,3,3.56,active
AC-3009,COURSE-005,A-,2025-Spring,4,3.84,active
AC-3009,COURSE-006,A,2025-Spring,4,3.92,active
AC-3009,COURSE-009,A,2025-Spring,3,4.0,active
AC-3009,COURSE-008,A-,2025-Spring,3,3.82,active
AC-3009,COURSE-009,A,2025-Spring,3,4.0,active
AC-3010,COURSE-010,A-,2024-Fall,3,3.67,active
AC-3010,COURSE-008,A,2024-Fall,3,4.0,active
AC-3010,COURSE-002,A,2024-Fall,4,3.88,active
AC-3010,COURSE-003,A,2024-Fall,4,4.0,active
AC-3010,COURSE-003,A,2024-Fall,3,4.0,active
AC-3010,COURSE-002,A-,2025-Spring,4,3.75,withdrawn
AC-3010,COURSE-006,A-,2025-Spring,4,3.65,withdrawn
AC-3010,COURSE-008,A-,2025-Spring,4,3.52,withdrawn
AC-3010,COURSE-010,A-,2025-Spring,4,3.66,withdrawn
AC-3011,COURSE-010,C,2024-Fall,4,2.1,active
AC-3011,COURSE-009,B-,2024-Fall,4,2.71,active
AC-3011,COURSE-006,C+,2024-Fall,4,2.4,active
AC-3011,COURSE-005,C,2025-Spring,3,2.13,active
AC-3011,COURSE-001,B-,2025-Spring,3,2.51,active
AC-3011,COURSE-002,C+,2025-Spring,4,2.26,active
AC-3012,COURSE-005,A,2024-Fall,3,4.0,active
AC-3012,COURSE-003,A-,2024-Fall,3,3.68,active
AC-3012,COURSE-008,B+,2024-Fall,4,3.19,active
AC-3012,COURSE-006,A,2025-Spring,4,3.9,active
AC-3012,COURSE-001,B+,2025-Spring,3,3.45,active
AC-3012,COURSE-007,B+,2025-Spring,4,3.47,active
AC-3012,COURSE-003,B,2025-Spring,3,3.13,active
AC-3013,COURSE-009,B-,2024-Fall,4,2.59,active
AC-3013,COURSE-003,B,2024-Fall,4,2.93,active
AC-3013,COURSE-008,C,2024-Fall,4,1.97,active
AC-3013,COURSE-008,C+,2025-Spring,4,2.45,active
AC-3013,COURSE-002,C+,2025-Spring,4,2.5,active
AC-3013,COURSE-006,C+,2025-Spring,3,2.46,active
AC-3013,COURSE-010,C+,2025-Spring,3,2.5,active
AC-3014,COURSE-009,B,2024-Fall,3,3.14,active
AC-3014,COURSE-001,A-,2024-Fall,4,3.58,active
AC-3014,COURSE-008,B+,2024-Fall,3,3.34,active
AC-3014,COURSE-008,B+,2024-Fall,4,3.43,active
AC-3014,COURSE-004,A-,2024-Fall,4,3.52,active
AC-3014,COURSE-010,B,2025-Spring,3,3.03,active
AC-3014,COURSE-005,A-,2025-Spring,4,3.75,active
AC-3014,COURSE-003,B,2025-Spring,4,2.95,active
AC-3014,COURSE-010,B,2025-Spring,4,3.09,active
AC-3014,COURSE-007,B,2025-Spring,4,3.11,active
AC-3015,COURSE-002,B,2024-Fall,4,3.12,active
AC-3015,COURSE-002,A-,2024-Fall,4,3.52,active
AC-3015,COURSE-003,B,2024-Fall,4,2.99,active
AC-3015,COURSE-010,B,2024-Fall,3,2.99,active
AC-3015,COURSE-006,C+,2025-Spring,3,2.3,active
AC-3015,COURSE-005,A,2025-Spring,3,3.85,active
AC-3015,COURSE-001,B-,2025-Spring,4,2.78,active
AC-3015,COURSE-008,B+,2025-Spring,4,3.17,active
AC-3016,COURSE-005,A-,2024-Fall,3,3.53,active
AC-3016,COURSE-007,A-,2024-Fall,3,3.76,active
AC-3016,COURSE-002,A,2024-Fall,3,4.0,active
AC-3016,COURSE-007,A-,2024-Fall,4,3.51,active
AC-3016,COURSE-009,A,2025-Spring,3,4.0,active
AC-3016,COURSE-005,A,2025-Spring,3,4.0,active
AC-3016,COURSE-003,A-,2025-Spring,4,3.65,active
AC-3016,COURSE-004,A,2025-Spring,4,4.0,active
AC-3017,COURSE-001,A-,2024-Fall,4,3.51,active
AC-3017,COURSE-005,A-,2024-Fall,4,3.57,active
AC-3017,COURSE-001,A,2024-Fall,4,3.86,active
AC-3017,COURSE-010,B+,2025-Spring,4,3.46,withdrawn
AC-3017,COURSE-003,B,2025-Spring,3,3.12,withdrawn
AC-3017,COURSE-005,B,2025-Spring,4,3.15,withdrawn
AC-3018,COURSE-001,B,2024-Fall,3,3.12,active
AC-3018,COURSE-006,B-,2024-Fall,4,2.81,active
AC-3018,COURSE-001,B,2024-Fall,4,2.92,active
AC-3018,COURSE-002,B-,2025-Spring,4,2.82,active
AC-3018,COURSE-008,A-,2025-Spring,4,3.54,active
AC-3018,COURSE-005,B-,2025-Spring,4,2.54,active
AC-3018,COURSE-001,B,2025-Spring,4,2.89,active
AC-3018,COURSE-003,B-,2025-Spring,4,2.63,active
AC-3019,COURSE-005,A-,2024-Fall,3,3.55,active
AC-3019,COURSE-010,B+,2024-Fall,3,3.39,active
AC-3019,COURSE-005,B,2024-Fall,3,3.14,active
AC-3019,COURSE-010,B,2024-Fall,4,3.02,active
AC-3019,COURSE-003,B,2024-Fall,4,3.03,active
AC-3019,COURSE-001,A,2025-Spring,4,3.97,active
AC-3019,COURSE-003,A-,2025-Spring,3,3.51,active
AC-3019,COURSE-003,B+,2025-Spring,3,3.33,active
AC-3020,COURSE-002,B-,2024-Fall,4,2.65,active
AC-3020,COURSE-005,B,2024-Fall,3,3.09,active
AC-3020,COURSE-009,B+,2024-Fall,3,3.2,active
AC-3020,COURSE-009,B+,2024-Fall,3,3.16,active
AC-3020,COURSE-010,B+,2025-Spring,3,3.19,active
AC-3020,COURSE-007,B,2025-Spring,4,2.95,active
AC-3020,COURSE-003,B-,2025-Spring,3,2.7,active
AC-3020,COURSE-010,B,2025-Spring,3,2.99,active
AC-3020,COURSE-004,B+,2025-Spring,4,3.44,active
AC-3021,COURSE-004,B+,2024-Fall,4,3.15,active
AC-3021,COURSE-004,B+,2024-Fall,4,3.2,active
AC-3021,COURSE-006,B,2024-Fall,4,3.04,active
AC-3021,COURSE-005,B,2024-Fall,4,3.1,active
AC-3021,COURSE-010,B-,2024-Fall,3,2.61,active
AC-3021,COURSE-004,B+,2025-Spring,4,3.35,active
AC-3021,COURSE-004,B,2025-Spring,3,2.88,active
AC-3021,COURSE-006,B-,2025-Spring,4,2.78,active
AC-3022,COURSE-006,B,2024-Fall,4,3.12,active
AC-3022,COURSE-002,B+,2024-Fall,4,3.25,active
AC-3022,COURSE-009,A-,2024-Fall,4,3.68,active
AC-3022,COURSE-002,B+,2024-Fall,4,3.3,active
AC-3022,COURSE-006,A-,2025-Spring,4,3.64,active
AC-3022,COURSE-006,B+,2025-Spring,3,3.24,active
AC-3022,COURSE-002,B+,2025-Spring,4,3.43,active
AC-3022,COURSE-004,B+,2025-Spring,4,3.29,active
AC-3022,COURSE-007,A-,2025-Spring,4,3.65,active
AC-3023,COURSE-005,B-,2024-Fall,4,2.68,active
AC-3023,COURSE-007,C+,2024-Fall,4,2.22,active
AC-3023,COURSE-010,C+,2024-Fall,3,2.25,active
AC-3023,COURSE-005,B,2024-Fall,4,3.03,active
AC-3023,COURSE-001,C+,2024-Fall,3,2.49,active
AC-3023,COURSE-010,B,2025-Spring,4,2.89,active
AC-3023,COURSE-006,B,2025-Spring,3,2.92,active
AC-3023,COURSE-003,B,2025-Spring,3,2.89,active
AC-3023,COURSE-004,C+,2025-Spring,4,2.5,active
AC-3023,COURSE-008,B-,2025-Spring,3,2.7,active
AC-3024,COURSE-006,C,2024-Fall,4,1.99,active
AC-3024,COURSE-002,C-,2024-Fall,4,1.68,active
AC-3024,COURSE-009,C,2024-Fall,4,2.1,active
AC-3024,COURSE-009,C,2024-Fall,4,2.1,active
AC-3024,COURSE-005,D,2025-Spring,3,1.27,active
AC-3024,COURSE-002,C+,2025-Spring,3,2.31,active
AC-3024,COURSE-002,C,2025-Spring,4,2.01,active
AC-3024,COURSE-001,D,2025-Spring,3,1.31,active
AC-3024,COURSE-004,C,2025-Spring,4,2.05,active
AC-3025,COURSE-010,B-,2024-Fall,3,2.55,active
AC-3025,COURSE-002,B,2024-Fall,4,2.9,active
AC-3025,COURSE-004,B+,2024-Fall,3,3.25,active
AC-3025,COURSE-002,B+,2024-Fall,4,3.23,active
AC-3025,COURSE-007,B,2024-Fall,4,3.1,active
AC-3025,COURSE-001,B-,2025-Spring,4,2.83,active
AC-3025,COURSE-007,B-,2025-Spring,3,2.75,active
AC-3025,COURSE-004,B-,2025-Spring,3,2.8,active
AC-3025,COURSE-002,B-,2025-Spring,3,2.74,active
AC-3025,COURSE-004,B-,2025-Spring,4,2.52,active
AC-3026,COURSE-002,C,2024-Fall,3,2.04,active
AC-3026,COURSE-008,C,2024-Fall,4,1.93,active
AC-3026,COURSE-004,C+,2024-Fall,4,2.29,active
AC-3026,COURSE-008,C-,2025-Spring,3,1.78,withdrawn
AC-3026,COURSE-008,C-,2025-Spring,4,1.84,withdrawn
AC-3026,COURSE-004,C,2025-Spring,4,1.92,withdrawn
AC-3026,COURSE-009,C,2025-Spring,4,1.92,withdrawn
AC-3027,COURSE-001,B+,2024-Fall,3,3.43,active
AC-3027,COURSE-009,A,2024-Fall,3,3.87,active
AC-3027,COURSE-005,A,2024-Fall,4,4.0,active
AC-3027,COURSE-006,B+,2025-Spring,4,3.38,active
AC-3027,COURSE-007,B+,2025-Spring,4,3.28,active
AC-3027,COURSE-010,A-,2025-Spring,3,3.58,active
AC-3028,COURSE-004,B,2024-Fall,3,2.91,active
AC-3028,COURSE-005,B-,2024-Fall,4,2.82,active
AC-3028,COURSE-003,B+,2024-Fall,4,3.22,active
AC-3028,COURSE-008,C+,2024-Fall,4,2.48,active
AC-3028,COURSE-008,B,2024-Fall,4,2.87,active
AC-3028,COURSE-001,C+,2025-Spring,4,2.31,withdrawn
AC-3028,COURSE-010,B-,2025-Spring,4,2.73,withdrawn
AC-3028,COURSE-010,B-,2025-Spring,4,2.61,withdrawn
AC-3029,COURSE-008,B+,2024-Fall,4,3.37,active
AC-3029,COURSE-002,C+,2024-Fall,4,2.39,active
AC-3029,COURSE-009,C+,2024-Fall,3,2.44,active
AC-3029,COURSE-008,B,2024-Fall,4,3.08,active
AC-3029,COURSE-004,C+,2025-Spring,4,2.18,active
AC-3029,COURSE-009,B+,2025-Spring,3,3.31,active
AC-3029,COURSE-009,B-,2025-Spring,4,2.8,active
AC-3030,COURSE-003,B-,2024-Fall,3,2.76,active
AC-3030,COURSE-008,B,2024-Fall,3,3.11,active
AC-3030,COURSE-005,C+,2024-Fall,4,2.47,active
AC-3030,COURSE-006,B-,2025-Spring,3,2.52,active
AC-3030,COURSE-007,B-,2025-Spring,4,2.76,active
AC-3030,COURSE-004,B-,2025-Spring,4,2.62,active
AC-3031,COURSE-009,B+,2024-Fall,4,3.27,active
AC-3031,COURSE-010,B+,2024-Fall,3,3.42,active
AC-3031,COURSE-005,A-,2024-Fall,3,3.76,active
AC-3031,COURSE-002,A-,2024-Fall,3,3.67,active
AC-3031,COURSE-007,B+,2024-Fall,4,3.16,active
AC-3031,COURSE-009,B+,2025-Spring,3,3.27,active
AC-3031,COURSE-004,B+,2025-Spring,3,3.15,active
AC-3031,COURSE-004,A-,2025-Spring,4,3.51,active
AC-3031,COURSE-008,A-,2025-Spring,3,3.53,active
AC-3032,COURSE-003,B-,2024-Fall,3,2.58,active
AC-3032,COURSE-008,B-,2024-Fall,4,2.68,active
AC-3032,COURSE-010,B-,2024-Fall,4,2.79,active
AC-3032,COURSE-003,B-,2024-Fall,4,2.59,active
AC-3032,COURSE-010,C+,2025-Spring,3,2.5,active
AC-3032,COURSE-004,C+,2025-Spring,4,2.36,active
AC-3032,COURSE-008,C,2025-Spring,4,2.07,active
AC-3032,COURSE-004,B-,2025-Spring,4,2.69,active
AC-3033,COURSE-001,B-,2024-Fall,3,2.54,active
AC-3033,COURSE-009,B+,2024-Fall,4,3.2,active
AC-3033,COURSE-008,B-,2024-Fall,3,2.65,active
AC-3033,COURSE-007,C+,2024-Fall,4,2.29,active
AC-3033,COURSE-001,B-,2025-Spring,4,2.79,active
AC-3033,COURSE-007,B+,2025-Spring,3,3.24,active
AC-3033,COURSE-001,B-,2025-Spring,4,2.67,active
AC-3033,COURSE-008,B-,2025-Spring,4,2.72,active
AC-3034,COURSE-007,C+,2024-Fall,3,2.38,active
AC-3034,COURSE-002,C+,2024-Fall,4,2.24,active
AC-3034,COURSE-003,C+,2024-Fall,4,2.42,active
AC-3034,COURSE-004,C+,2024-Fall,4,2.47,active
AC-3034,COURSE-001,C+,2025-Spring,4,2.39,active
AC-3034,COURSE-010,B-,2025-Spring,4,2.63,active
AC-3034,COURSE-003,C,2025-Spring,4,2.13,active
AC-3034,COURSE-003,B-,2025-Spring,3,2.62,active
AC-3034,COURSE-008,C+,2025-Spring,3,2.29,active
AC-3035,COURSE-010,A-,2024-Fall,4,3.66,active
AC-3035,COURSE-009,A-,2024-Fall,4,3.81,active
AC-3035,COURSE-006,A,2024-Fall,4,4.0,active
AC-3035,COURSE-010,A-,2024-Fall,3,3.77,active
AC-3035,COURSE-006,A-,2024-Fall,3,3.7,active
AC-3035,COURSE-005,B+,2025-Spring,3,3.49,active
AC-3035,COURSE-009,A-,2025-Spring,3,3.7,active
AC-3035,COURSE-003,A,2025-Spring,4,3.94,active
AC-3035,COURSE-001,A,2025-Spring,4,4.0,active
AC-3035,COURSE-001,A,2025-Spring,3,4.0,active
AC-3036,COURSE-006,B+,2024-Fall,3,3.28,active
AC-3036,COURSE-001,B,2024-Fall,3,3.03,active
AC-3036,COURSE-004,B+,2024-Fall,4,3.4,active
AC-3036,COURSE-010,B,2024-Fall,3,3.05,active
AC-3036,COURSE-010,B,2025-Spring,4,3.02,active
AC-3036,COURSE-008,B-,2025-Spring,4,2.76,active
AC-3036,COURSE-008,B-,2025-Spring,3,2.84,active
AC-3036,COURSE-010,B,2025-Spring,3,3.04,active
AC-3036,COURSE-010,B+,2025-Spring,4,3.39,active
AC-3037,COURSE-008,B-,2024-Fall,4,2.84,active
AC-3037,COURSE-010,B,2024-Fall,4,3.11,active
AC-3037,COURSE-008,B,2024-Fall,4,3.13,active
AC-3037,COURSE-003,B,2024-Fall,3,2.99,active
AC-3037,COURSE-009,B,2025-Spring,3,2.98,active
AC-3037,COURSE-007,B-,2025-Spring,4,2.61,active
AC-3037,COURSE-005,B+,2025-Spring,3,3.31,active
AC-3038,COURSE-010,B-,2024-Fall,4,2.67,active
AC-3038,COURSE-006,C-,2024-Fall,4,1.67,active
AC-3038,COURSE-010,C+,2024-Fall,4,2.44,active
AC-3038,COURSE-008,C+,2024-Fall,3,2.16,active
AC-3038,COURSE-010,C,2024-Fall,4,2.09,active
AC-3038,COURSE-006,C+,2025-Spring,4,2.38,active
AC-3038,COURSE-001,C,2025-Spring,3,2.12,active
AC-3038,COURSE-005,B-,2025-Spring,4,2.79,active
AC-3038,COURSE-003,B-,2025-Spring,3,2.52,active
AC-3038,COURSE-007,C+,2025-Spring,3,2.45,active
AC-3039,COURSE-009,B,2024-Fall,4,3.04,active
AC-3039,COURSE-008,B+,2024-Fall,3,3.29,active
AC-3039,COURSE-009,A-,2024-Fall,3,3.83,active
AC-3039,COURSE-004,A-,2024-Fall,4,3.66,active
AC-3039,COURSE-008,B,2025-Spring,4,2.9,active
AC-3039,COURSE-006,A-,2025-Spring,3,3.53,active
AC-3039,COURSE-006,B+,2025-Spring,4,3.31,active
AC-3039,COURSE-006,B+,2025-Spring,3,3.27,active
AC-3040,COURSE-009,A-,2024-Fall,4,3.59,active
AC-3040,COURSE-004,B+,2024-Fall,4,3.47,active
AC-3040,COURSE-003,B+,2024-Fall,3,3.25,active
AC-3040,COURSE-006,B+,2024-Fall,3,3.34,active
AC-3040,COURSE-005,B+,2025-Spring,3,3.38,active
AC-3040,COURSE-008,A-,2025-Spring,3,3.84,active
AC-3040,COURSE-005,A,2025-Spring,3,4.0,active
AC-3040,COURSE-009,B,2025-Spring,4,3.04,active
AC-3041,COURSE-008,A-,2024-Fall,4,3.64,active
AC-3041,COURSE-008,A,2024-Fall,4,3.87,active
AC-3041,COURSE-001,A-,2024-Fall,4,3.82,active
AC-3041,COURSE-007,B+,2024-Fall,4,3.33,active
AC-3041,COURSE-008,B+,2025-Spring,3,3.4,active
AC-3041,COURSE-006,A-,2025-Spring,3,3.74,active
AC-3041,COURSE-005,B+,2025-Spring,3,3.47,active
AC-3041,COURSE-009,B+,2025-Spring,4,3.27,active
AC-3042,COURSE-010,B+,2024-Fall,3,3.32,active
AC-3042,COURSE-008,B+,2024-Fall,4,3.25,active
AC-3042,COURSE-001,B-,2024-Fall,4,2.81,active
AC-3042,COURSE-010,B,2024-Fall,4,3.14,active
AC-3042,COURSE-008,B+,2025-Spring,4,3.24,active
AC-3042,COURSE-002,B+,2025-Spring,3,3.43,active
AC-3042,COURSE-009,A-,2025-Spring,4,3.81,active
AC-3042,COURSE-008,B+,2025-Spring,4,3.36,active
AC-3042,COURSE-001,B+,2025-Spring,4,3.47,active
AC-3043,COURSE-008,B+,2024-Fall,4,3.28,active
AC-3043,COURSE-001,B,2024-Fall,3,3.0,active
AC-3043,COURSE-003,A-,2024-Fall,3,3.64,active
AC-3043,COURSE-003,A-,2024-Fall,3,3.58,active
AC-3043,COURSE-007,B+,2025-Spring,4,3.22,active
AC-3043,COURSE-009,A-,2025-Spring,3,3.76,active
AC-3043,COURSE-010,A-,2025-Spring,4,3.53,active
AC-3044,COURSE-003,A-,2024-Fall,3,3.68,active
AC-3044,COURSE-002,A-,2024-Fall,3,3.64,active
AC-3044,COURSE-006,B,2024-Fall,3,3.03,active
AC-3044,COURSE-002,A,2024-Fall,4,4.0,active
AC-3044,COURSE-006,B,2025-Spring,4,3.08,active
AC-3044,COURSE-010,B+,2025-Spring,4,3.4,active
AC-3044,COURSE-007,A-,2025-Spring,3,3.62,active
AC-3044,COURSE-009,A,2025-Spring,3,3.9,active
AC-3044,COURSE-005,A-,2025-Spring,4,3.69,active
AC-3045,COURSE-009,A,2024-Fall,4,3.89,active
AC-3045,COURSE-010,B+,2024-Fall,4,3.43,active
AC-3045,COURSE-002,A,2024-Fall,4,3.96,active
AC-3045,COURSE-009,A,2024-Fall,4,4.0,active
AC-3045,COURSE-003,A-,2025-Spring,4,3.82,active
AC-3045,COURSE-005,A-,2025-Spring,4,3.59,active
AC-3045,COURSE-002,A-,2025-Spring,3,3.73,active
AC-3045,COURSE-004,A-,2025-Spring,4,3.73,active
AC-3046,COURSE-008,B+,2024-Fall,4,3.25,active
AC-3046,COURSE-006,B,2024-Fall,4,2.96,active
AC-3046,COURSE-004,A-,2024-Fall,4,3.66,active
AC-3046,COURSE-007,B,2024-Fall,3,3.02,active
AC-3046,COURSE-004,B,2025-Spring,4,3.07,active
AC-3046,COURSE-005,B-,2025-Spring,4,2.59,active
AC-3046,COURSE-003,B-,2025-Spring,3,2.61,active
AC-3046,COURSE-010,B,2025-Spring,4,3.13,active
AC-3047,COURSE-006,A,2024-Fall,4,3.89,active
AC-3047,COURSE-009,A,2024-Fall,3,4.0,active
AC-3047,COURSE-005,B,2024-Fall,3,2.98,active
AC-3047,COURSE-009,B,2024-Fall,4,2.89,active
AC-3047,COURSE-007,A,2024-Fall,4,4.0,active
AC-3047,COURSE-003,A-,2025-Spring,3,3.56,active
AC-3047,COURSE-002,B+,2025-Spring,4,3.42,active
AC-3047,COURSE-009,B+,2025-Spring,4,3.42,active
AC-3048,COURSE-008,B,2024-Fall,3,3.06,active
AC-3048,COURSE-001,B-,2024-Fall,4,2.57,active
AC-3048,COURSE-006,B-,2024-Fall,3,2.59,active
AC-3048,COURSE-001,B-,2024-Fall,4,2.5,active
AC-3048,COURSE-003,B+,2024-Fall,4,3.26,active
AC-3048,COURSE-004,C+,2025-Spring,3,2.28,active
AC-3048,COURSE-001,C,2025-Spring,3,2.09,active
AC-3048,COURSE-004,C+,2025-Spring,4,2.29,active
AC-3048,COURSE-008,B-,2025-Spring,4,2.71,active
AC-3049,COURSE-006,B,2024-Fall,3,3.13,active
AC-3049,COURSE-002,B-,2024-Fall,3,2.84,active
AC-3049,COURSE-001,C+,2024-Fall,3,2.3,active
AC-3049,COURSE-006,C+,2024-Fall,3,2.42,active
AC-3049,COURSE-009,B-,2025-Spring,3,2.65,active
AC-3049,COURSE-006,B,2025-Spring,3,3.14,active
AC-3049,COURSE-010,B,2025-Spring,3,2.94,active
AC-3049,COURSE-003,B,2025-Spring,4,2.93,active
AC-3050,COURSE-008,A,2024-Fall,3,3.97,active
AC-3050,COURSE-003,A,2024-Fall,3,4.0,active
AC-3050,COURSE-007,A,2024-Fall,3,4.0,active
AC-3050,COURSE-005,A,2024-Fall,3,4.0,active
AC-3050,COURSE-006,A,2025-Spring,4,4.0,active
AC-3050,COURSE-001,A,2025-Spring,4,3.86,active
AC-3050,COURSE-004,A-,2025-Spring,4,3.66,active
AC-3050,COURSE-009,A-,2025-Spring,4,3.7,active
AC-3051,COURSE-010,C+,2024-Fall,4,2.31,active
AC-3051,COURSE-006,C,2024-Fall,4,1.89,active
AC-3051,COURSE-009,B-,2024-Fall,3,2.7,active
AC-3051,COURSE-001,B-,2025-Spring,4,2.72,active
AC-3051,COURSE-010,B,2025-Spring,4,3.02,active
AC-3051,COURSE-005,B-,2025-Spring,4,2.82,active
AC-3051,COURSE-008,B-,2025-Spring,3,2.58,active
AC-3051,COURSE-002,B-,2025-Spring,3,2.72,active
AC-3052,COURSE-001,A-,2024-Fall,4,3.53,active
AC-3052,COURSE-002,B,2024-Fall,4,3.08,active
AC-3052,COURSE-010,B-,2024-Fall,4,2.83,active
AC-3052,COURSE-001,B,2025-Spring,3,2.96,active
AC-3052,COURSE-004,B+,2025-Spring,4,3.24,active
AC-3052,COURSE-006,B,2025-Spring,4,3.05,active
AC-3053,COURSE-008,C-,2024-Fall,4,1.61,active
AC-3053,COURSE-008,D,2024-Fall,4,1.33,active
AC-3053,COURSE-009,C,2024-Fall,4,2.08,active
AC-3053,COURSE-004,C+,2025-Spring,4,2.19,active
AC-3053,COURSE-010,C-,2025-Spring,3,1.38,active
AC-3053,COURSE-005,C,2025-Spring,3,1.91,active
AC-3053,COURSE-002,C-,2025-Spring,4,1.84,active
AC-3054,COURSE-010,B+,2024-Fall,3,3.23,active
AC-3054,COURSE-001,B-,2024-Fall,4,2.63,active
AC-3054,COURSE-006,B-,2024-Fall,3,2.73,active
AC-3054,COURSE-003,C+,2025-Spring,4,2.38,active
AC-3054,COURSE-010,B,2025-Spring,3,2.92,active
AC-3054,COURSE-009,C+,2025-Spring,3,2.43,active
AC-3054,COURSE-003,B+,2025-Spring,3,3.38,active
AC-3055,COURSE-002,B-,2024-Fall,4,2.76,active
AC-3055,COURSE-002,B+,2024-Fall,4,3.19,active
AC-3055,COURSE-007,B-,2024-Fall,3,2.52,active
AC-3055,COURSE-009,B+,2024-Fall,3,3.18,active
AC-3055,COURSE-002,B-,2024-Fall,4,2.66,active
AC-3055,COURSE-007,B,2025-Spring,3,3.06,active
AC-3055,COURSE-003,B,2025-Spring,4,3.13,active
AC-3055,COURSE-008,B+,2025-Spring,3,3.17,active
AC-3055,COURSE-009,B,2025-Spring,4,3.07,active
AC-3055,COURSE-005,B,2025-Spring,4,3.03,active
AC-3056,COURSE-010,A-,2024-Fall,3,3.54,active
AC-3056,COURSE-002,A-,2024-Fall,3,3.7,active
AC-3056,COURSE-008,A,2024-Fall,3,4.0,active
AC-3056,COURSE-006,A-,2024-Fall,3,3.55,active
AC-3056,COURSE-007,B+,2025-Spring,3,3.48,withdrawn
AC-3056,COURSE-001,A-,2025-Spring,3,3.82,withdrawn
AC-3056,COURSE-008,A,2025-Spring,3,3.92,withdrawn
AC-3056,COURSE-007,A-,2025-Spring,3,3.62,withdrawn
AC-3057,COURSE-005,B+,2024-Fall,3,3.33,active
AC-3057,COURSE-009,A,2024-Fall,4,3.99,active
AC-3057,COURSE-008,A-,2024-Fall,4,3.84,active
AC-3057,COURSE-003,A,2024-Fall,4,3.91,active
AC-3057,COURSE-004,A-,2024-Fall,4,3.67,active
AC-3057,COURSE-001,A,2025-Spring,3,3.97,active
AC-3057,COURSE-003,A,2025-Spring,3,4.0,active
AC-3057,COURSE-001,A-,2025-Spring,4,3.58,active
AC-3057,COURSE-009,A-,2025-Spring,4,3.56,active
AC-3057,COURSE-003,A,2025-Spring,3,3.95,active
AC-3058,COURSE-003,B+,2024-Fall,4,3.15,active
AC-3058,COURSE-001,A-,2024-Fall,4,3.67,active
AC-3058,COURSE-006,A-,2024-Fall,3,3.74,active
AC-3058,COURSE-002,A-,2025-Spring,3,3.64,active
AC-3058,COURSE-009,A-,2025-Spring,3,3.63,active
AC-3058,COURSE-007,A-,2025-Spring,4,3.64,active
AC-3058,COURSE-002,A-,2025-Spring,3,3.57,active
AC-3059,COURSE-009,C+,2024-Fall,3,2.22,active
AC-3059,COURSE-002,C+,2024-Fall,3,2.43,active
AC-3059,COURSE-006,C+,2024-Fall,4,2.4,active
AC-3059,COURSE-009,C,2025-Spring,3,2.07,active
AC-3059,COURSE-008,C-,2025-Spring,4,1.71,active
AC-3059,COURSE-008,C-,2025-Spring,4,1.59,active
AC-3059,COURSE-005,C+,2025-Spring,3,2.28,active
AC-3059,COURSE-006,C,2025-Spring,3,1.96,active
AC-3060,COURSE-003,A-,2024-Fall,3,3.55,active
AC-3060,COURSE-008,A-,2024-Fall,4,3.67,active
AC-3060,COURSE-010,B+,2024-Fall,4,3.29,active
AC-3060,COURSE-009,B,2024-Fall,3,2.88,active
AC-3060,COURSE-008,B,2025-Spring,4,3.13,active
AC-3060,COURSE-007,B,2025-Spring,4,3.0,active
AC-3060,COURSE-005,B,2025-Spring,3,3.1,active
AC-3061,COURSE-010,C,2024-Fall,4,2.06,active
AC-3061,COURSE-006,C+,2024-Fall,4,2.28,active
AC-3061,COURSE-002,C,2024-Fall,3,2.15,active
AC-3061,COURSE-002,C,2024-Fall,3,2.11,active
AC-3061,COURSE-006,C+,2024-Fall,4,2.24,active
AC-3061,COURSE-004,C,2025-Spring,3,1.95,active
AC-3061,COURSE-003,C+,2025-Spring,4,2.48,active
AC-3061,COURSE-001,C+,2025-Spring,4,2.48,active
AC-3061,COURSE-010,C+,2025-Spring,4,2.37,active
AC-3061,COURSE-010,C,2025-Spring,4,1.88,active
AC-3062,COURSE-001,B,2024-Fall,3,2.88,active
AC-3062,COURSE-003,B+,2024-Fall,4,3.16,active
AC-3062,COURSE-006,B-,2024-Fall,4,2.8,active
AC-3062,COURSE-004,B,2024-Fall,3,2.97,active
AC-3062,COURSE-005,B,2024-Fall,3,2.87,active
AC-3062,COURSE-006,B-,2025-Spring,3,2.67,active
AC-3062,COURSE-009,B,2025-Spring,3,2.94,active
AC-3062,COURSE-003,B,2025-Spring,3,3.02,active
AC-3062,COURSE-002,B,2025-Spring,3,2.98,active
AC-3062,COURSE-004,B,2025-Spring,3,2.93,active
AC-3063,COURSE-009,B,2024-Fall,3,2.97,active
AC-3063,COURSE-010,B-,2024-Fall,3,2.8,active
AC-3063,COURSE-003,C+,2024-Fall,4,2.5,active
AC-3063,COURSE-001,B,2024-Fall,4,3.09,active
AC-3063,COURSE-006,B,2025-Spring,4,2.89,active
AC-3063,COURSE-010,B,2025-Spring,4,2.94,active
AC-3063,COURSE-001,B-,2025-Spring,4,2.79,active
AC-3063,COURSE-002,B-,2025-Spring,4,2.52,active
AC-3064,COURSE-001,A-,2024-Fall,3,3.67,active
AC-3064,COURSE-007,B,2024-Fall,3,3.03,active
AC-3064,COURSE-001,A,2024-Fall,3,4.0,active
AC-3064,COURSE-008,B+,2024-Fall,3,3.28,active
AC-3064,COURSE-002,B,2025-Spring,3,3.15,active
AC-3064,COURSE-008,A-,2025-Spring,4,3.73,active
AC-3064,COURSE-008,A,2025-Spring,3,3.94,active
AC-3065,COURSE-010,B,2024-Fall,4,3.09,active
AC-3065,COURSE-005,B,2024-Fall,3,2.96,active
AC-3065,COURSE-009,B,2024-Fall,3,2.87,active
AC-3065,COURSE-001,B-,2025-Spring,4,2.59,active
AC-3065,COURSE-008,B,2025-Spring,4,3.06,active
AC-3065,COURSE-001,B-,2025-Spring,4,2.79,active
AC-3066,COURSE-005,C,2024-Fall,3,2.04,active
AC-3066,COURSE-008,C+,2024-Fall,4,2.26,active
AC-3066,COURSE-006,C-,2024-Fall,4,1.66,active
AC-3066,COURSE-008,B,2024-Fall,4,2.88,active
AC-3066,COURSE-004,B-,2024-Fall,4,2.68,active
AC-3066,COURSE-010,C,2025-Spring,3,2.13,active
AC-3066,COURSE-001,C,2025-Spring,3,2.03,active
AC-3066,COURSE-004,C+,2025-Spring,4,2.35,active
AC-3067,COURSE-002,B-,2024-Fall,3,2.75,active
AC-3067,COURSE-007,B-,2024-Fall,3,2.69,active
AC-3067,COURSE-003,B-,2024-Fall,4,2.74,active
AC-3067,COURSE-005,B+,2024-Fall,3,3.16,active
AC-3067,COURSE-004,B-,2024-Fall,4,2.76,active
AC-3067,COURSE-001,B-,2025-Spring,3,2.59,active
AC-3067,COURSE-004,B-,2025-Spring,4,2.8,active
AC-3067,COURSE-001,B,2025-Spring,4,3.0,active
AC-3067,COURSE-007,C+,2025-Spring,4,2.49,active
AC-3068,COURSE-004,C+,2024-Fall,3,2.32,active
AC-3068,COURSE-007,B,2024-Fall,3,3.03,active
AC-3068,COURSE-008,A-,2024-Fall,3,3.51,active
AC-3068,COURSE-001,B,2024-Fall,4,3.09,active
AC-3068,COURSE-010,B-,2024-Fall,4,2.58,active
AC-3068,COURSE-009,B-,2025-Spring,3,2.83,withdrawn
AC-3068,COURSE-007,A-,2025-Spring,4,3.84,withdrawn
AC-3068,COURSE-001,C+,2025-Spring,3,2.24,withdrawn
AC-3069,COURSE-003,C+,2024-Fall,3,2.28,active
AC-3069,COURSE-010,C-,2024-Fall,4,1.52,active
AC-3069,COURSE-004,C-,2024-Fall,3,1.71,active
AC-3069,COURSE-007,B-,2025-Spring,3,2.75,active
AC-3069,COURSE-002,C,2025-Spring,3,1.91,active
AC-3069,COURSE-008,C,2025-Spring,4,1.88,active
AC-3069,COURSE-003,C-,2025-Spring,4,1.56,active
AC-3069,COURSE-006,C,2025-Spring,3,2.0,active
AC-3070,COURSE-001,B+,2024-Fall,4,3.23,active
AC-3070,COURSE-010,B,2024-Fall,3,3.02,active
AC-3070,COURSE-007,B-,2024-Fall,4,2.81,active
AC-3070,COURSE-004,B,2024-Fall,4,2.98,active
AC-3070,COURSE-005,B,2025-Spring,4,3.09,active
AC-3070,COURSE-008,B,2025-Spring,3,2.93,active
AC-3070,COURSE-007,B+,2025-Spring,4,3.19,active
AC-3070,COURSE-010,B,2025-Spring,4,2.95,active
AC-3070,COURSE-006,C+,2025-Spring,3,2.42,active
AC-3071,COURSE-003,B-,2024-Fall,3,2.69,active
AC-3071,COURSE-004,C+,2024-Fall,4,2.22,active
AC-3071,COURSE-005,C+,2024-Fall,4,2.21,active
AC-3071,COURSE-009,B,2024-Fall,4,3.13,active
AC-3071,COURSE-006,B,2025-Spring,4,2.96,active
AC-3071,COURSE-002,B-,2025-Spring,4,2.83,active
AC-3071,COURSE-003,C+,2025-Spring,4,2.2,active
AC-3071,COURSE-007,C+,2025-Spring,3,2.26,active
AC-3071,COURSE-001,B-,2025-Spring,3,2.69,active
AC-3072,COURSE-001,B-,2024-Fall,3,2.57,active
AC-3072,COURSE-002,B-,2024-Fall,4,2.66,active
AC-3072,COURSE-009,B,2024-Fall,3,2.91,active
AC-3072,COURSE-007,B-,2024-Fall,4,2.66,active
AC-3072,COURSE-009,B,2025-Spring,4,2.95,active
AC-3072,COURSE-003,B-,2025-Spring,4,2.71,active
AC-3072,COURSE-010,B,2025-Spring,3,2.88,active
AC-3073,COURSE-006,B+,2024-Fall,4,3.26,active
AC-3073,COURSE-010,A-,2024-Fall,4,3.82,active
AC-3073,COURSE-001,B+,2024-Fall,4,3.47,active
AC-3073,COURSE-009,B+,2025-Spring,4,3.27,active
AC-3073,COURSE-002,A-,2025-Spring,4,3.51,active
AC-3073,COURSE-001,B+,2025-Spring,4,3.44,active
AC-3074,COURSE-001,B-,2024-Fall,3,2.66,active
AC-3074,COURSE-009,B,2024-Fall,3,2.98,active
AC-3074,COURSE-007,B-,2024-Fall,3,2.75,active
AC-3074,COURSE-006,B,2024-Fall,4,3.06,active
AC-3074,COURSE-001,B,2024-Fall,3,2.92,active
AC-3074,COURSE-008,B-,2025-Spring,4,2.82,active
AC-3074,COURSE-009,B,2025-Spring,4,3.0,active
AC-3074,COURSE-003,B,2025-Spring,4,2.95,active
AC-3074,COURSE-007,A-,2025-Spring,4,3.61,active
AC-3074,COURSE-009,C+,2025-Spring,3,2.2,active
AC-3075,COURSE-010,C+,2024-Fall,4,2.45,active
AC-3075,COURSE-004,C+,2024-Fall,3,2.45,active
AC-3075,COURSE-005,B-,2024-Fall,4,2.85,active
AC-3075,COURSE-009,C+,2024-Fall,4,2.38,active
AC-3075,COURSE-001,B-,2024-Fall,3,2.56,active
AC-3075,COURSE-002,C+,2025-Spring,4,2.38,active
AC-3075,COURSE-001,C+,2025-Spring,3,2.31,active
AC-3075,COURSE-004,B-,2025-Spring,3,2.64,active
AC-3075,COURSE-001,B-,2025-Spring,3,2.7,active
AC-3075,COURSE-003,B-,2025-Spring,3,2.66,active
AC-3076,COURSE-004,A-,2024-Fall,4,3.7,active
AC-3076,COURSE-002,A,2024-Fall,3,3.86,active
AC-3076,COURSE-004,A-,2024-Fall,3,3.53,active
AC-3076,COURSE-003,B,2024-Fall,4,3.13,active
AC-3076,COURSE-010,B,2025-Spring,3,3.02,withdrawn
AC-3076,COURSE-001,A-,2025-Spring,3,3.53,withdrawn
AC-3076,COURSE-005,A-,2025-Spring,4,3.7,withdrawn
AC-3077,COURSE-002,A-,2024-Fall,4,3.54,active
AC-3077,COURSE-010,B+,2024-Fall,4,3.5,active
AC-3077,COURSE-002,B+,2024-Fall,3,3.19,active
AC-3077,COURSE-005,B+,2024-Fall,4,3.33,active
AC-3077,COURSE-002,B,2024-Fall,4,3.12,active
AC-3077,COURSE-010,B+,2025-Spring,4,3.35,active
AC-3077,COURSE-008,A-,2025-Spring,3,3.79,active
AC-3077,COURSE-006,B,2025-Spring,4,2.9,active
AC-3078,COURSE-003,A-,2024-Fall,3,3.51,active
AC-3078,COURSE-009,B-,2024-Fall,3,2.76,active
AC-3078,COURSE-002,B+,2024-Fall,3,3.34,active
AC-3078,COURSE-009,B+,2025-Spring,4,3.34,active
AC-3078,COURSE-007,B,2025-Spring,3,2.91,active
AC-3078,COURSE-005,B+,2025-Spring,3,3.4,active
AC-3079,COURSE-006,B,2024-Fall,3,2.91,active
AC-3079,COURSE-006,C+,2024-Fall,4,2.35,active
AC-3079,COURSE-005,B,2024-Fall,3,3.12,active
AC-3079,COURSE-002,B+,2025-Spring,3,3.49,active
AC-3079,COURSE-007,B,2025-Spring,3,3.01,active
AC-3079,COURSE-005,C+,2025-Spring,4,2.42,active
AC-3079,COURSE-008,B,2025-Spring,4,3.03,active
AC-3080,COURSE-004,A-,2024-Fall,3,3.81,active
AC-3080,COURSE-004,B+,2024-Fall,3,3.33,active
AC-3080,COURSE-001,B,2024-Fall,4,3.14,active
AC-3080,COURSE-001,B,2025-Spring,4,2.97,active
AC-3080,COURSE-008,B,2025-Spring,3,2.88,active
AC-3080,COURSE-006,B-,2025-Spring,4,2.84,active
AC-3080,COURSE-005,A,2025-Spring,4,3.85,active
AC-3080,COURSE-002,B+,2025-Spring,3,3.17,active
AC-3081,COURSE-009,A,2024-Fall,4,4.0,active
AC-3081,COURSE-003,B,2024-Fall,3,2.87,active
AC-3081,COURSE-006,B+,2024-Fall,3,3.23,active
AC-3081,COURSE-007,B-,2024-Fall,3,2.79,active
AC-3081,COURSE-009,B+,2025-Spring,3,3.21,active
AC-3081,COURSE-003,B,2025-Spring,4,2.89,active
AC-3081,COURSE-001,B+,2025-Spring,3,3.37,active
AC-3081,COURSE-006,A-,2025-Spring,3,3.8,active
AC-3081,COURSE-010,B,2025-Spring,4,2.88,active
AC-3082,COURSE-008,C,2024-Fall,3,2.14,active
AC-3082,COURSE-005,C+,2024-Fall,3,2.28,active
AC-3082,COURSE-008,B-,2024-Fall,4,2.62,active
AC-3082,COURSE-001,B,2025-Spring,4,2.87,active
AC-3082,COURSE-007,C+,2025-Spring,4,2.3,active
AC-3082,COURSE-004,C+,2025-Spring,3,2.37,active
AC-3083,COURSE-010,B+,2024-Fall,4,3.26,active
AC-3083,COURSE-009,B-,2024-Fall,4,2.66,active
AC-3083,COURSE-003,A-,2024-Fall,4,3.61,active
AC-3083,COURSE-006,B,2025-Spring,4,2.97,active
AC-3083,COURSE-010,B+,2025-Spring,4,3.32,active
AC-3083,COURSE-003,B-,2025-Spring,4,2.76,active
AC-3083,COURSE-003,B,2025-Spring,3,3.03,active
AC-3084,COURSE-005,A-,2024-Fall,4,3.71,active
AC-3084,COURSE-010,A,2024-Fall,3,3.86,active
AC-3084,COURSE-008,A,2024-Fall,4,4.0,active
AC-3084,COURSE-003,B+,2024-Fall,4,3.27,active
AC-3084,COURSE-004,B,2024-Fall,4,3.15,active
AC-3084,COURSE-008,A,2025-Spring,3,3.93,active
AC-3084,COURSE-005,A-,2025-Spring,4,3.54,active
AC-3084,COURSE-004,B+,2025-Spring,4,3.2,active
AC-3085,COURSE-002,B,2024-Fall,4,2.98,active
AC-3085,COURSE-003,B,2024-Fall,4,2.97,active
AC-3085,COURSE-003,B+,2024-Fall,3,3.26,active
AC-3085,COURSE-005,B-,2024-Fall,4,2.84,active
AC-3085,COURSE-007,C+,2025-Spring,3,2.46,active
AC-3085,COURSE-007,B-,2025-Spring,3,2.85,active
AC-3085,COURSE-009,B-,2025-Spring,3,2.65,active
AC-3085,COURSE-001,B,2025-Spring,3,2.88,active
AC-3085,COURSE-004,B-,2025-Spring,3,2.64,active
AC-3086,COURSE-004,B+,2024-Fall,3,3.23,active
AC-3086,COURSE-002,B+,2024-Fall,3,3.36,active
AC-3086,COURSE-002,B,2024-Fall,4,3.01,active
AC-3086,COURSE-007,B,2024-Fall,3,2.99,active
AC-3086,COURSE-006,B+,2025-Spring,4,3.28,active
AC-3086,COURSE-004,B,2025-Spring,4,2.98,active
AC-3086,COURSE-007,B-,2025-Spring,3,2.82,active
AC-3087,COURSE-007,B+,2024-Fall,3,3.43,active
AC-3087,COURSE-001,B,2024-Fall,4,3.04,active
AC-3087,COURSE-005,B,2024-Fall,4,3.0,active
AC-3087,COURSE-008,B-,2025-Spring,4,2.7,withdrawn
AC-3087,COURSE-010,B-,2025-Spring,4,2.77,withdrawn
AC-3087,COURSE-010,B,2025-Spring,4,3.12,withdrawn
AC-3087,COURSE-006,B,2025-Spring,4,2.88,withdrawn
AC-3087,COURSE-005,B+,2025-Spring,4,3.22,withdrawn
AC-3088,COURSE-002,C,2024-Fall,3,2.04,active
AC-3088,COURSE-003,C,2024-Fall,4,2.13,active
AC-3088,COURSE-005,C,2024-Fall,3,1.86,active
AC-3088,COURSE-002,B-,2024-Fall,4,2.53,active
AC-3088,COURSE-007,C-,2025-Spring,3,1.59,active
AC-3088,COURSE-002,C+,2025-Spring,4,2.23,active
AC-3088,COURSE-010,C-,2025-Spring,4,1.68,active
AC-3088,COURSE-003,C+,2025-Spring,3,2.17,active
AC-3089,COURSE-009,B,2024-Fall,4,3.07,active
AC-3089,COURSE-002,B,2024-Fall,3,2.99,active
AC-3089,COURSE-008,B+,2024-Fall,4,3.35,active
AC-3089,COURSE-006,B+,2024-Fall,3,3.42,active
AC-3089,COURSE-004,B+,2025-Spring,4,3.28,active
AC-3089,COURSE-003,B,2025-Spring,3,2.93,active
AC-3089,COURSE-007,B+,2025-Spring,3,3.49,active
AC-3089,COURSE-004,A-,2025-Spring,3,3.54,active
AC-3089,COURSE-002,B+,2025-Spring,3,3.31,active
AC-3090,COURSE-009,B+,2024-Fall,4,3.19,active
AC-3090,COURSE-008,B,2024-Fall,3,3.04,active
AC-3090,COURSE-003,A,2024-Fall,3,3.86,active
AC-3090,COURSE-008,B,2025-Spring,4,2.87,active
AC-3090,COURSE-001,B+,2025-Spring,4,3.2,active
AC-3090,COURSE-006,B-,2025-Spring,3,2.58,active
AC-3091,COURSE-008,B+,2024-Fall,3,3.27,active
AC-3091,COURSE-003,B,2024-Fall,4,3.04,active
AC-3091,COURSE-007,B-,2024-Fall,4,2.58,active
AC-3091,COURSE-002,B,2025-Spring,4,2.88,active
AC-3091,COURSE-007,C+,2025-Spring,4,2.47,active
AC-3091,COURSE-002,B+,2025-Spring,3,3.15,active
AC-3091,COURSE-010,B+,2025-Spring,4,3.36,active
AC-3092,COURSE-009,A-,2024-Fall,4,3.51,active
AC-3092,COURSE-004,A-,2024-Fall,4,3.72,active
AC-3092,COURSE-010,B+,2024-Fall,3,3.41,active
AC-3092,COURSE-001,B+,2024-Fall,4,3.35,active
AC-3092,COURSE-002,B-,2025-Spring,3,2.8,active
AC-3092,COURSE-006,B-,2025-Spring,4,2.68,active
AC-3092,COURSE-001,B-,2025-Spring,3,2.66,active
AC-3093,COURSE-008,B-,2024-Fall,3,2.71,active
AC-3093,COURSE-009,B+,2024-Fall,4,3.22,active
AC-3093,COURSE-003,B-,2024-Fall,3,2.74,active
AC-3093,COURSE-010,A-,2024-Fall,3,3.52,active
AC-3093,COURSE-003,B,2025-Spring,4,3.1,withdrawn
AC-3093,COURSE-001,B+,2025-Spring,3,3.35,withdrawn
AC-3093,COURSE-007,C+,2025-Spring,3,2.46,withdrawn
AC-3093,COURSE-002,B+,2025-Spring,3,3.19,withdrawn
AC-3093,COURSE-004,B-,2025-Spring,3,2.72,withdrawn
AC-3094,COURSE-010,C+,2024-Fall,4,2.4,active
AC-3094,COURSE-004,C+,2024-Fall,4,2.31,active
AC-3094,COURSE-007,B,2024-Fall,4,2.86,active
AC-3094,COURSE-007,C+,2025-Spring,4,2.39,active
AC-3094,COURSE-006,B-,2025-Spring,4,2.56,active
AC-3094,COURSE-005,C,2025-Spring,3,2.03,active
AC-3094,COURSE-002,B-,2025-Spring,4,2.82,active
AC-3094,COURSE-010,C+,2025-Spring,4,2.37,active
AC-3095,COURSE-004,B-,2024-Fall,4,2.62,active
AC-3095,COURSE-004,B+,2024-Fall,4,3.17,active
AC-3095,COURSE-005,B+,2024-Fall,4,3.21,active
AC-3095,COURSE-005,B+,2024-Fall,4,3.5,active
AC-3095,COURSE-010,B-,2024-Fall,4,2.6,active
AC-3095,COURSE-009,B,2025-Spring,4,3.07,active
AC-3095,COURSE-007,B-,2025-Spring,4,2.69,active
AC-3095,COURSE-003,B,2025-Spring,4,3.11,active
AC-3096,COURSE-002,C+,2024-Fall,3,2.31,active
AC-3096,COURSE-003,C+,2024-Fall,4,2.43,active
AC-3096,COURSE-008,C+,2024-Fall,3,2.34,active
AC-3096,COURSE-001,B-,2025-Spring,4,2.8,active
AC-3096,COURSE-001,B-,2025-Spring,3,2.57,active
AC-3096,COURSE-009,B-,2025-Spring,4,2.54,active
AC-3096,COURSE-003,B-,2025-Spring,4,2.58,active
AC-3096,COURSE-003,B-,2025-Spring,4,2.74,active
AC-3097,COURSE-009,C+,2024-Fall,4,2.44,active
AC-3097,COURSE-008,C,2024-Fall,3,1.85,active
AC-3097,COURSE-010,C+,2024-Fall,4,2.44,active
AC-3097,COURSE-009,C,2024-Fall,4,2.11,active
AC-3097,COURSE-005,C,2024-Fall,4,2.13,active
AC-3097,COURSE-007,C,2025-Spring,4,2.09,active
AC-3097,COURSE-006,C+,2025-Spring,4,2.46,active
AC-3097,COURSE-002,B-,2025-Spring,4,2.61,active
AC-3097,COURSE-006,C+,2025-Spring,4,2.5,active
AC-3098,COURSE-007,A-,2024-Fall,3,3.56,active
AC-3098,COURSE-004,B,2024-Fall,4,3.12,active
AC-3098,COURSE-008,A-,2024-Fall,4,3.55,active
AC-3098,COURSE-010,B,2025-Spring,3,2.98,active
AC-3098,COURSE-006,A,2025-Spring,4,3.98,active
AC-3098,COURSE-010,B+,2025-Spring,3,3.26,active
AC-3099,COURSE-009,B+,2024-Fall,4,3.3,active
AC-3099,COURSE-003,B+,2024-Fall,3,3.34,active
AC-3099,COURSE-007,A,2024-Fall,4,3.94,active
AC-3099,COURSE-010,A,2025-Spring,4,3.93,active
AC-3099,COURSE-005,B+,2025-Spring,3,3.4,active
AC-3099,COURSE-004,A,2025-Spring,4,3.86,active
AC-3099,COURSE-002,A,2025-Spring,4,4.0,active
AC-3100,COURSE-003,B-,2024-Fall,3,2.84,active
AC-3100,COURSE-010,C+,2024-Fall,3,2.49,active
AC-3100,COURSE-008,B-,2024-Fall,4,2.66,active
AC-3100,COURSE-003,A-,2024-Fall,4,3.5,active
AC-3100,COURSE-003,B+,2025-Spring,4,3.17,active
AC-3100,COURSE-007,B+,2025-Spring,3,3.34,active
AC-3100,COURSE-001,B+,2025-Spring,4,3.33,active
AC-3100,COURSE-004,B-,2025-Spring,3,2.64,active
AC-3101,COURSE-004,B,2024-Fall,4,2.91,active
AC-3101,COURSE-007,B+,2024-Fall,3,3.26,active
AC-3101,COURSE-001,B-,2024-Fall,3,2.74,active
AC-3101,COURSE-005,B-,2024-Fall,3,2.83,active
AC-3101,COURSE-002,B-,2024-Fall,3,2.81,active
AC-3101,COURSE-010,B,2025-Spring,4,2.96,active
AC-3101,COURSE-005,B-,2025-Spring,3,2.5,active
AC-3101,COURSE-001,C,2025-Spring,4,1.99,active
AC-3102,COURSE-007,B,2024-Fall,4,2.85,active
AC-3102,COURSE-009,B-,2024-Fall,3,2.85,active
AC-3102,COURSE-003,B-,2024-Fall,3,2.78,active
AC-3102,COURSE-003,B-,2025-Spring,4,2.63,active
AC-3102,COURSE-010,B+,2025-Spring,3,3.18,active
AC-3102,COURSE-007,B-,2025-Spring,3,2.63,active
AC-3102,COURSE-001,C+,2025-Spring,3,2.16,active
AC-3103,COURSE-007,A,2024-Fall,4,4.0,active
AC-3103,COURSE-009,B+,2024-Fall,3,3.36,active
AC-3103,COURSE-003,B+,2024-Fall,3,3.21,active
AC-3103,COURSE-009,A,2024-Fall,3,3.96,active
AC-3103,COURSE-005,B+,2024-Fall,3,3.32,active
AC-3103,COURSE-004,B+,2025-Spring,4,3.16,withdrawn
AC-3103,COURSE-001,B+,2025-Spring,3,3.48,withdrawn
AC-3103,COURSE-007,A-,2025-Spring,3,3.52,withdrawn
AC-3103,COURSE-002,B+,2025-Spring,3,3.35,withdrawn
AC-3103,COURSE-006,A-,2025-Spring,4,3.52,withdrawn
AC-3104,COURSE-001,B+,2024-Fall,4,3.24,active
AC-3104,COURSE-005,B+,2024-Fall,4,3.36,active
AC-3104,COURSE-006,B-,2024-Fall,4,2.82,active
AC-3104,COURSE-003,B-,2025-Spring,3,2.53,active
AC-3104,COURSE-007,B+,2025-Spring,4,3.31,active
AC-3104,COURSE-001,B+,2025-Spring,4,3.21,active
AC-3104,COURSE-010,B+,2025-Spring,3,3.27,active
AC-3104,COURSE-002,B,2025-Spring,4,2.94,active
AC-3105,COURSE-005,C,2024-Fall,3,1.92,active
AC-3105,COURSE-003,C+,2024-Fall,3,2.31,active
AC-3105,COURSE-001,B-,2024-Fall,3,2.53,active
AC-3105,COURSE-002,B-,2024-Fall,4,2.78,active
AC-3105,COURSE-003,B-,2024-Fall,4,2.57,active
AC-3105,COURSE-005,C+,2025-Spring,3,2.16,active
AC-3105,COURSE-004,C,2025-Spring,3,1.99,active
AC-3105,COURSE-006,C+,2025-Spring,3,2.26,active
AC-3106,COURSE-002,B,2024-Fall,3,3.09,active
AC-3106,COURSE-009,B,2024-Fall,4,3.09,active
AC-3106,COURSE-004,C+,2024-Fall,4,2.46,active
AC-3106,COURSE-003,B+,2024-Fall,3,3.47,active
AC-3106,COURSE-003,B+,2024-Fall,4,3.25,active
AC-3106,COURSE-003,B+,2025-Spring,3,3.21,withdrawn
AC-3106,COURSE-007,B,2025-Spring,3,3.04,withdrawn
AC-3106,COURSE-009,B+,2025-Spring,4,3.18,withdrawn
AC-3107,COURSE-002,B,2024-Fall,4,2.91,active
AC-3107,COURSE-004,B-,2024-Fall,4,2.74,active
AC-3107,COURSE-004,B+,2024-Fall,3,3.28,active
AC-3107,COURSE-006,B,2025-Spring,4,3.13,active
AC-3107,COURSE-001,B-,2025-Spring,4,2.72,active
AC-3107,COURSE-002,C+,2025-Spring,3,2.37,active
AC-3107,COURSE-006,C+,2025-Spring,4,2.26,active
AC-3107,COURSE-002,B+,2025-Spring,4,3.22,active
AC-3108,COURSE-004,C+,2024-Fall,4,2.23,active
AC-3108,COURSE-009,C+,2024-Fall,3,2.23,active
AC-3108,COURSE-002,C+,2024-Fall,3,2.47,active
AC-3108,COURSE-010,C-,2024-Fall,4,1.71,active
AC-3108,COURSE-007,C+,2024-Fall,4,2.47,active
AC-3108,COURSE-006,B-,2025-Spring,3,2.74,withdrawn
AC-3108,COURSE-002,C+,2025-Spring,4,2.26,withdrawn
AC-3108,COURSE-005,B-,2025-Spring,3,2.6,withdrawn
AC-3108,COURSE-010,B-,2025-Spring,4,2.61,withdrawn
AC-3108,COURSE-001,C+,2025-Spring,3,2.49,withdrawn
AC-3109,COURSE-001,C,2024-Fall,4,2.03,active
AC-3109,COURSE-010,D,2024-Fall,3,1.34,active
AC-3109,COURSE-001,C-,2024-Fall,4,1.61,active
AC-3109,COURSE-006,C-,2024-Fall,4,1.81,active
AC-3109,COURSE-009,C+,2024-Fall,3,2.3,active
AC-3109,COURSE-005,D,2025-Spring,3,1.17,active
AC-3109,COURSE-003,C,2025-Spring,4,1.91,active
AC-3109,COURSE-005,C-,2025-Spring,4,1.74,active
AC-3109,COURSE-004,C+,2025-Spring,3,2.3,active
AC-3110,COURSE-001,A,2024-Fall,4,4.0,active
AC-3110,COURSE-009,A-,2024-Fall,3,3.69,active
AC-3110,COURSE-005,A,2024-Fall,3,3.97,active
AC-3110,COURSE-003,A-,2025-Spring,4,3.83,active
AC-3110,COURSE-010,A-,2025-Spring,3,3.54,active
AC-3110,COURSE-008,A,2025-Spring,3,3.87,active
AC-3111,COURSE-002,B+,2024-Fall,4,3.19,active
AC-3111,COURSE-003,A-,2024-Fall,3,3.7,active
AC-3111,COURSE-007,B+,2024-Fall,3,3.22,active
AC-3111,COURSE-007,B+,2025-Spring,3,3.5,active
AC-3111,COURSE-003,B+,2025-Spring,3,3.46,active
AC-3111,COURSE-007,B+,2025-Spring,3,3.18,active
AC-3111,COURSE-006,B+,2025-Spring,4,3.22,active
AC-3112,COURSE-004,C+,2024-Fall,4,2.17,active
AC-3112,COURSE-007,C+,2024-Fall,3,2.32,active
AC-3112,COURSE-008,C+,2024-Fall,4,2.2,active
AC-3112,COURSE-008,B-,2024-Fall,3,2.54,active
AC-3112,COURSE-007,C-,2024-Fall,3,1.83,active
AC-3112,COURSE-010,C+,2025-Spring,3,2.21,active
AC-3112,COURSE-005,C,2025-Spring,4,2.01,active
AC-3112,COURSE-004,C,2025-Spring,4,2.0,active
AC-3113,COURSE-001,A,2024-Fall,3,3.99,active
AC-3113,COURSE-001,A-,2024-Fall,4,3.63,active
AC-3113,COURSE-008,A,2024-Fall,3,3.93,active
AC-3113,COURSE-010,A,2024-Fall,4,3.93,active
AC-3113,COURSE-002,A,2025-Spring,4,4.0,active
AC-3113,COURSE-006,A-,2025-Spring,3,3.62,active
AC-3113,COURSE-007,A,2025-Spring,3,4.0,active
AC-3113,COURSE-004,A-,2025-Spring,4,3.65,active
AC-3113,COURSE-001,B+,2025-Spring,3,3.36,active
AC-3114,COURSE-005,A,2024-Fall,4,4.0,active
AC-3114,COURSE-002,B,2024-Fall,4,2.86,active
AC-3114,COURSE-007,B+,2024-Fall,4,3.26,active
AC-3114,COURSE-006,B,2025-Spring,3,3.06,active
AC-3114,COURSE-005,B+,2025-Spring,3,3.39,active
AC-3114,COURSE-005,B,2025-Spring,4,3.06,active
AC-3115,COURSE-010,A-,2024-Fall,4,3.84,active
AC-3115,COURSE-004,A-,2024-Fall,3,3.79,active
AC-3115,COURSE-004,A-,2024-Fall,4,3.59,active
AC-3115,COURSE-007,B,2024-Fall,4,3.12,active
AC-3115,COURSE-008,B+,2025-Spring,3,3.36,active
AC-3115,COURSE-009,A-,2025-Spring,3,3.82,active
AC-3115,COURSE-007,A-,2025-Spring,4,3.84,active
AC-3115,COURSE-009,A-,2025-Spring,3,3.74,active
AC-3116,COURSE-009,B-,2024-Fall,3,2.75,active
AC-3116,COURSE-006,B-,2024-Fall,3,2.82,active
AC-3116,COURSE-009,B-,2024-Fall,4,2.72,active
AC-3116,COURSE-009,B-,2024-Fall,3,2.69,active
AC-3116,COURSE-010,B+,2025-Spring,4,3.37,active
AC-3116,COURSE-010,B-,2025-Spring,3,2.54,active
AC-3116,COURSE-002,B+,2025-Spring,3,3.25,active
AC-3116,COURSE-010,B,2025-Spring,4,3.13,active
AC-3116,COURSE-010,B-,2025-Spring,3,2.76,active
AC-3117,COURSE-010,B-,2024-Fall,3,2.56,active
AC-3117,COURSE-006,B+,2024-Fall,3,3.16,active
AC-3117,COURSE-007,B+,2024-Fall,3,3.17,active
AC-3117,COURSE-007,B-,2025-Spring,4,2.76,withdrawn
AC-3117,COURSE-002,B,2025-Spring,3,3.12,withdrawn
AC-3117,COURSE-002,B-,2025-Spring,3,2.58,withdrawn
AC-3117,COURSE-003,B+,2025-Spring,4,3.31,withdrawn
AC-3118,COURSE-009,B-,2024-Fall,3,2.55,active
AC-3118,COURSE-002,C+,2024-Fall,4,2.2,active
AC-3118,COURSE-001,C+,2024-Fall,3,2.36,active
AC-3118,COURSE-003,C+,2024-Fall,4,2.47,active
AC-3118,COURSE-006,B-,2024-Fall,4,2.6,active
AC-3118,COURSE-007,C+,2025-Spring,4,2.23,active
AC-3118,COURSE-004,B-,2025-Spring,3,2.69,active
AC-3118,COURSE-010,B,2025-Spring,4,2.89,active
AC-3119,COURSE-007,A-,2024-Fall,3,3.65,active
AC-3119,COURSE-002,A,2024-Fall,4,3.89,active
AC-3119,COURSE-002,B+,2024-Fall,3,3.5,active
AC-3119,COURSE-010,A,2025-Spring,4,4.0,active
AC-3119,COURSE-005,A-,2025-Spring,4,3.6,active
AC-3119,COURSE-005,B+,2025-Spring,3,3.27,active
AC-3119,COURSE-003,A,2025-Spring,3,4.0,active
AC-3120,COURSE-007,B-,2024-Fall,4,2.77,active
AC-3120,COURSE-008,B+,2024-Fall,3,3.18,active
AC-3120,COURSE-008,B+,2024-Fall,4,3.25,active
AC-3120,COURSE-008,B+,2024-Fall,3,3.15,active
AC-3120,COURSE-006,A-,2025-Spring,4,3.56,active
AC-3120,COURSE-008,B,2025-Spring,4,3.01,active
AC-3120,COURSE-010,B+,2025-Spring,4,3.41,active
AC-3120,COURSE-007,B+,2025-Spring,4,3.28,active
AC-3120,COURSE-007,B+,2025-Spring,4,3.48,active
AC-3121,COURSE-003,A-,2024-Fall,4,3.71,active
AC-3121,COURSE-010,B+,2024-Fall,4,3.23,active
AC-3121,COURSE-003,B+,2024-Fall,3,3.44,active
AC-3121,COURSE-003,B+,2025-Spring,3,3.28,active
AC-3121,COURSE-010,A,2025-Spring,3,4.0,active
AC-3121,COURSE-010,A,2025-Spring,4,3.92,active
AC-3121,COURSE-002,A-,2025-Spring,4,3.61,active
AC-3121,COURSE-005,B,2025-Spring,3,2.87,active
AC-3122,COURSE-004,C,2024-Fall,4,2.04,active
AC-3122,COURSE-009,C-,2024-Fall,4,1.78,active
AC-3122,COURSE-002,D,2024-Fall,3,1.06,active
AC-3122,COURSE-003,C-,2024-Fall,3,1.47,active
AC-3122,COURSE-006,C-,2024-Fall,4,1.49,active
AC-3122,COURSE-002,C,2025-Spring,4,1.92,active
AC-3122,COURSE-008,D,2025-Spring,4,1.0,active
AC-3122,COURSE-005,D,2025-Spring,3,1.29,active
AC-3122,COURSE-009,C-,2025-Spring,4,1.65,active
AC-3122,COURSE-008,C,2025-Spring,3,2.02,active
AC-3123,COURSE-008,B-,2024-Fall,4,2.79,active
AC-3123,COURSE-010,C+,2024-Fall,4,2.4,active
AC-3123,COURSE-005,B-,2024-Fall,3,2.6,active
AC-3123,COURSE-002,B-,2025-Spring,4,2.66,withdrawn
AC-3123,COURSE-003,B,2025-Spring,4,2.88,withdrawn
AC-3123,COURSE-007,B-,2025-Spring,4,2.78,withdrawn
AC-3124,COURSE-005,A,2024-Fall,4,4.0,active
AC-3124,COURSE-004,A,2024-Fall,4,4.0,active
AC-3124,COURSE-004,A-,2024-Fall,3,3.67,active
AC-3124,COURSE-005,A-,2024-Fall,3,3.73,active
AC-3124,COURSE-001,A,2024-Fall,3,4.0,active
AC-3124,COURSE-009,A,2025-Spring,3,4.0,withdrawn
AC-3124,COURSE-008,A-,2025-Spring,3,3.76,withdrawn
AC-3124,COURSE-003,A-,2025-Spring,3,3.73,withdrawn
AC-3124,COURSE-008,A,2025-Spring,4,3.94,withdrawn
AC-3125,COURSE-003,C+,2024-Fall,3,2.38,active
AC-3125,COURSE-008,B-,2024-Fall,3,2.59,active
AC-3125,COURSE-002,C+,2024-Fall,4,2.48,active
AC-3125,COURSE-008,C+,2024-Fall,3,2.37,active
AC-3125,COURSE-008,B-,2025-Spring,4,2.51,active
AC-3125,COURSE-002,C+,2025-Spring,4,2.42,active
AC-3125,COURSE-009,B-,2025-Spring,4,2.63,active
AC-3126,COURSE-010,B,2024-Fall,3,2.91,active
AC-3126,COURSE-005,C+,2024-Fall,4,2.34,active
AC-3126,COURSE-003,B,2024-Fall,4,3.06,active
AC-3126,COURSE-010,B-,2024-Fall,3,2.69,active
AC-3126,COURSE-004,C+,2025-Spring,4,2.43,active
AC-3126,COURSE-010,B-,2025-Spring,3,2.57,active
AC-3126,COURSE-002,B-,2025-Spring,3,2.57,active
AC-3126,COURSE-008,B-,2025-Spring,4,2.73,active
AC-3127,COURSE-001,B-,2024-Fall,3,2.59,active
AC-3127,COURSE-007,B-,2024-Fall,3,2.56,active
AC-3127,COURSE-008,C+,2024-Fall,3,2.29,active
AC-3127,COURSE-006,C,2024-Fall,4,1.99,active
AC-3127,COURSE-006,B-,2024-Fall,4,2.54,active
AC-3127,COURSE-010,B-,2025-Spring,3,2.68,active
AC-3127,COURSE-001,B-,2025-Spring,4,2.6,active
AC-3127,COURSE-009,B-,2025-Spring,4,2.66,active
AC-3127,COURSE-006,B,2025-Spring,3,2.85,active
AC-3127,COURSE-005,C,2025-Spring,3,2.15,active
AC-3128,COURSE-007,B+,2024-Fall,3,3.17,active
AC-3128,COURSE-003,B+,2024-Fall,4,3.18,active
AC-3128,COURSE-007,B+,2024-Fall,4,3.39,active
AC-3128,COURSE-010,A-,2024-Fall,4,3.5,active
AC-3128,COURSE-002,B+,2025-Spring,4,3.28,active
AC-3128,COURSE-002,B,2025-Spring,4,2.98,active
AC-3128,COURSE-004,A-,2025-Spring,4,3.53,active
AC-3128,COURSE-009,B-,2025-Spring,3,2.75,active
AC-3129,COURSE-002,B+,2024-Fall,3,3.21,active
AC-3129,COURSE-009,B-,2024-Fall,4,2.85,active
AC-3129,COURSE-007,B,2024-Fall,3,2.96,active
AC-3129,COURSE-010,B-,2024-Fall,4,2.59,active
AC-3129,COURSE-004,B-,2024-Fall,3,2.68,active
AC-3129,COURSE-003,B,2025-Spring,3,2.93,active
AC-3129,COURSE-008,C+,2025-Spring,4,2.29,active
AC-3129,COURSE-006,B+,2025-Spring,3,3.22,active
AC-3129,COURSE-002,B,2025-Spring,3,3.14,active
AC-3130,COURSE-008,C,2024-Fall,4,2.0,active
AC-3130,COURSE-009,C,2024-Fall,4,2.0,active
AC-3130,COURSE-010,C-,2024-Fall,3,1.79,active
AC-3130,COURSE-001,C+,2025-Spring,3,2.19,active
AC-3130,COURSE-010,C-,2025-Spring,4,1.75,active
AC-3130,COURSE-001,C-,2025-Spring,4,1.65,active
AC-3130,COURSE-007,C,2025-Spring,4,1.87,active
AC-3131,COURSE-003,A,2024-Fall,3,3.94,active
AC-3131,COURSE-005,B+,2024-Fall,3,3.49,active
AC-3131,COURSE-002,A,2024-Fall,3,4.0,active
AC-3131,COURSE-009,A,2024-Fall,3,4.0,active
AC-3131,COURSE-010,A-,2024-Fall,3,3.84,active
AC-3131,COURSE-003,A,2025-Spring,4,3.98,active
AC-3131,COURSE-003,A,2025-Spring,4,4.0,active
AC-3131,COURSE-002,A,2025-Spring,4,3.92,active
AC-3131,COURSE-004,B+,2025-Spring,3,3.48,active
AC-3131,COURSE-010,A,2025-Spring,4,3.93,active
AC-3132,COURSE-006,B,2024-Fall,4,2.95,active
AC-3132,COURSE-006,B-,2024-Fall,4,2.81,active
AC-3132,COURSE-001,B,2024-Fall,4,3.1,active
AC-3132,COURSE-008,B+,2025-Spring,3,3.16,active
AC-3132,COURSE-005,B-,2025-Spring,3,2.54,active
AC-3132,COURSE-010,B,2025-Spring,4,3.14,active
AC-3133,COURSE-008,B+,2024-Fall,3,3.21,active
AC-3133,COURSE-001,A-,2024-Fall,4,3.71,active
AC-3133,COURSE-010,B+,2024-Fall,3,3.33,active
AC-3133,COURSE-002,B+,2025-Spring,3,3.17,withdrawn
AC-3133,COURSE-009,B,2025-Spring,4,2.97,withdrawn
AC-3133,COURSE-006,B-,2025-Spring,3,2.71,withdrawn
AC-3133,COURSE-005,B,2025-Spring,3,3.11,withdrawn
AC-3133,COURSE-002,B+,2025-Spring,3,3.28,withdrawn
AC-3134,COURSE-002,A,2024-Fall,3,3.88,active
AC-3134,COURSE-001,A-,2024-Fall,3,3.71,active
AC-3134,COURSE-008,B+,2024-Fall,4,3.48,active
AC-3134,COURSE-008,A,2024-Fall,4,4.0,active
AC-3134,COURSE-005,A,2025-Spring,4,3.97,active
AC-3134,COURSE-002,A,2025-Spring,4,3.94,active
AC-3134,COURSE-009,A,2025-Spring,4,4.0,active
AC-3134,COURSE-003,A,2025-Spring,4,4.0,active
AC-3134,COURSE-010,A-,2025-Spring,3,3.53,active
AC-3135,COURSE-009,A,2024-Fall,3,4.0,active
AC-3135,COURSE-008,A,2024-Fall,3,4.0,active
AC-3135,COURSE-003,A-,2024-Fall,4,3.74,active
AC-3135,COURSE-007,A-,2024-Fall,3,3.85,active
AC-3135,COURSE-002,A,2024-Fall,4,3.96,active
AC-3135,COURSE-004,A,2025-Spring,4,4.0,active
AC-3135,COURSE-008,A,2025-Spring,3,3.9,active
AC-3135,COURSE-006,A-,2025-Spring,4,3.61,active
AC-3135,COURSE-003,A,2025-Spring,3,3.91,active
AC-3135,COURSE-001,A,2025-Spring,4,4.0,active
AC-3136,COURSE-002,B,2024-Fall,3,3.07,active
AC-3136,COURSE-010,B,2024-Fall,4,3.13,active
AC-3136,COURSE-001,B-,2024-Fall,4,2.83,active
AC-3136,COURSE-002,B+,2024-Fall,3,3.43,active
AC-3136,COURSE-002,B-,2024-Fall,4,2.77,active
AC-3136,COURSE-003,B+,2025-Spring,4,3.2,active
AC-3136,COURSE-001,B,2025-Spring,3,2.95,active
AC-3136,COURSE-001,A-,2025-Spring,3,3.54,active
AC-3137,COURSE-005,B,2024-Fall,3,3.1,active
AC-3137,COURSE-001,B+,2024-Fall,3,3.36,active
AC-3137,COURSE-010,B+,2024-Fall,4,3.21,active
AC-3137,COURSE-009,B-,2024-Fall,3,2.76,active
AC-3137,COURSE-002,B+,2024-Fall,3,3.2,active
AC-3137,COURSE-004,B,2025-Spring,4,3.11,withdrawn
AC-3137,COURSE-008,B+,2025-Spring,3,3.15,withdrawn
AC-3137,COURSE-001,B+,2025-Spring,3,3.18,withdrawn
AC-3137,COURSE-009,B-,2025-Spring,4,2.72,withdrawn
AC-3138,COURSE-008,A,2024-Fall,4,3.87,active
AC-3138,COURSE-005,A,2024-Fall,4,3.9,active
AC-3138,COURSE-010,A-,2024-Fall,4,3.78,active
AC-3138,COURSE-003,A,2024-Fall,3,4.0,active
AC-3138,COURSE-009,A-,2024-Fall,4,3.71,active
AC-3138,COURSE-006,A,2025-Spring,3,4.0,active
AC-3138,COURSE-005,A,2025-Spring,3,4.0,active
AC-3138,COURSE-006,A,2025-Spring,3,3.97,active
AC-3139,COURSE-005,A-,2024-Fall,3,3.51,active
AC-3139,COURSE-007,A,2024-Fall,3,4.0,active
AC-3139,COURSE-001,A,2024-Fall,3,4.0,active
AC-3139,COURSE-003,A-,2024-Fall,3,3.67,active
AC-3139,COURSE-001,A,2024-Fall,4,4.0,active
AC-3139,COURSE-009,A,2025-Spring,4,4.0,withdrawn
AC-3139,COURSE-007,A,2025-Spring,4,4.0,withdrawn
AC-3139,COURSE-009,A-,2025-Spring,3,3.74,withdrawn
AC-3139,COURSE-009,A,2025-Spring,3,4.0,withdrawn
AC-3139,COURSE-009,A-,2025-Spring,3,3.78,withdrawn
AC-3140,COURSE-002,B,2024-Fall,4,3.02,active
AC-3140,COURSE-001,C+,2024-Fall,4,2.44,active
AC-3140,COURSE-010,B-,2024-Fall,3,2.63,active
AC-3140,COURSE-005,B,2024-Fall,4,2.88,active
AC-3140,COURSE-009,B-,2025-Spring,3,2.73,active
AC-3140,COURSE-002,B,2025-Spring,4,3.15,active
AC-3140,COURSE-008,B,2025-Spring,3,3.01,active
AC-3141,COURSE-006,B,2024-Fall,4,3.08,active
AC-3141,COURSE-006,B+,2024-Fall,3,3.36,active
AC-3141,COURSE-001,A-,2024-Fall,3,3.64,active
AC-3141,COURSE-004,B+,2024-Fall,4,3.25,active
AC-3141,COURSE-008,A,2024-Fall,4,4.0,active
AC-3141,COURSE-001,A-,2025-Spring,3,3.51,active
AC-3141,COURSE-001,B+,2025-Spring,3,3.23,active
AC-3141,COURSE-003,A-,2025-Spring,3,3.57,active
AC-3142,COURSE-004,B+,2024-Fall,4,3.27,active
AC-3142,COURSE-005,B,2024-Fall,4,3.15,active
AC-3142,COURSE-003,B+,2024-Fall,4,3.31,active
AC-3142,COURSE-004,B+,2024-Fall,4,3.32,active
AC-3142,COURSE-008,B,2024-Fall,3,3.05,active
AC-3142,COURSE-007,B+,2025-Spring,3,3.37,active
AC-3142,COURSE-010,B-,2025-Spring,4,2.83,active
AC-3142,COURSE-006,A-,2025-Spring,3,3.85,active
AC-3142,COURSE-005,B,2025-Spring,3,2.9,active
AC-3142,COURSE-003,B,2025-Spring,3,3.0,active
AC-3143,COURSE-009,B-,2024-Fall,4,2.68,active
AC-3143,COURSE-006,B,2024-Fall,4,3.13,active
AC-3143,COURSE-010,B-,2024-Fall,3,2.84,active
AC-3143,COURSE-001,B-,2024-Fall,3,2.76,active
AC-3143,COURSE-005,B,2025-Spring,3,2.85,active
AC-3143,COURSE-007,C+,2025-Spring,3,2.49,active
AC-3143,COURSE-003,B-,2025-Spring,3,2.56,active
AC-3144,COURSE-003,C+,2024-Fall,3,2.35,active
AC-3144,COURSE-001,C-,2024-Fall,4,1.82,active
AC-3144,COURSE-005,C,2024-Fall,4,2.15,active
AC-3144,COURSE-002,C-,2025-Spring,4,1.55,active
AC-3144,COURSE-002,C-,2025-Spring,3,1.72,active
AC-3144,COURSE-003,C,2025-Spring,4,2.14,active
AC-3144,COURSE-001,C,2025-Spring,3,2.08,active
AC-3144,COURSE-002,C-,2025-Spring,4,1.65,active
AC-3145,COURSE-006,B-,2024-Fall,4,2.78,active
AC-3145,COURSE-005,B-,2024-Fall,3,2.73,active
AC-3145,COURSE-004,B,2024-Fall,3,3.09,active
AC-3145,COURSE-010,C+,2025-Spring,3,2.34,active
AC-3145,COURSE-001,B-,2025-Spring,4,2.81,active
AC-3145,COURSE-009,B-,2025-Spring,4,2.75,active
AC-3145,COURSE-005,B,2025-Spring,4,3.01,active
AC-3146,COURSE-002,B-,2024-Fall,4,2.8,active
AC-3146,COURSE-009,A,2024-Fall,3,4.0,active
AC-3146,COURSE-001,A-,2024-Fall,4,3.62,active
AC-3146,COURSE-007,A-,2024-Fall,3,3.67,active
AC-3146,COURSE-001,A-,2024-Fall,4,3.7,active
AC-3146,COURSE-002,B+,2025-Spring,4,3.23,active
AC-3146,COURSE-005,A-,2025-Spring,3,3.52,active
AC-3146,COURSE-003,A,2025-Spring,4,4.0,active
AC-3147,COURSE-002,B,2024-Fall,4,3.04,active
AC-3147,COURSE-002,B+,2024-Fall,3,3.21,active
AC-3147,COURSE-001,A-,2024-Fall,3,3.6,active
AC-3147,COURSE-009,C+,2025-Spring,3,2.28,active
AC-3147,COURSE-010,B-,2025-Spring,4,2.52,active
AC-3147,COURSE-001,B,2025-Spring,3,2.89,active
AC-3148,COURSE-007,B+,2024-Fall,4,3.33,active
AC-3148,COURSE-003,A-,2024-Fall,4,3.76,active
AC-3148,COURSE-008,B,2024-Fall,4,2.88,active
AC-3148,COURSE-004,B+,2024-Fall,3,3.33,active
AC-3148,COURSE-001,A,2024-Fall,3,3.89,active
AC-3148,COURSE-002,A,2025-Spring,3,3.95,active
AC-3148,COURSE-010,A,2025-Spring,4,4.0,active
AC-3148,COURSE-002,A,2025-Spring,3,3.97,active
AC-3148,COURSE-008,A-,2025-Spring,3,3.61,active
AC-3149,COURSE-008,B,2024-Fall,3,3.07,active
AC-3149,COURSE-004,B-,2024-Fall,4,2.83,active
AC-3149,COURSE-001,B+,2024-Fall,4,3.41,active
AC-3149,COURSE-002,B,2025-Spring,4,2.99,active
AC-3149,COURSE-002,B-,2025-Spring,3,2.78,active
AC-3149,COURSE-008,B+,2025-Spring,3,3.16,active
AC-3149,COURSE-010,B-,2025-Spring,3,2.67,active
AC-3149,COURSE-001,B,2025-Spring,3,2.9,active
AC-3150,COURSE-002,B+,2024-Fall,3,3.49,active
AC-3150,COURSE-001,A-,2024-Fall,4,3.66,active
AC-3150,COURSE-008,A,2024-Fall,3,3.96,active
AC-3150,COURSE-009,B+,2025-Spring,4,3.19,active
AC-3150,COURSE-008,A,2025-Spring,3,3.93,active
AC-3150,COURSE-004,A-,2025-Spring,4,3.65,active
AC-3150,COURSE-010,A,2025-Spring,4,4.0,active
AC-3150,COURSE-007,A,2025-Spring,4,3.93,active
AC-3151,COURSE-009,B,2024-Fall,3,3.1,active
AC-3151,COURSE-006,B+,2024-Fall,4,3.3,active
AC-3151,COURSE-010,B+,2024-Fall,3,3.44,active
AC-3151,COURSE-003,A-,2024-Fall,4,3.52,active
AC-3151,COURSE-007,A-,2025-Spring,3,3.74,active
AC-3151,COURSE-007,A-,2025-Spring,4,3.6,active
AC-3151,COURSE-005,A-,2025-Spring,3,3.59,active
AC-3151,COURSE-005,B+,2025-Spring,3,3.43,active
AC-3151,COURSE-009,A,2025-Spring,4,3.95,active
AC-3152,COURSE-008,A,2024-Fall,4,3.86,active
AC-3152,COURSE-010,A-,2024-Fall,4,3.55,active
AC-3152,COURSE-006,A,2024-Fall,4,4.0,active
AC-3152,COURSE-002,A,2024-Fall,3,3.86,active
AC-3152,COURSE-010,A,2025-Spring,3,3.95,active
AC-3152,COURSE-004,A-,2025-Spring,3,3.59,active
AC-3152,COURSE-003,A,2025-Spring,3,3.88,active
AC-3152,COURSE-005,A-,2025-Spring,4,3.84,active
AC-3153,COURSE-008,B-,2024-Fall,3,2.7,active
AC-3153,COURSE-009,B,2024-Fall,3,3.12,active
AC-3153,COURSE-009,B,2024-Fall,4,3.0,active
AC-3153,COURSE-006,B+,2024-Fall,3,3.16,active
AC-3153,COURSE-006,B-,2025-Spring,3,2.62,active
AC-3153,COURSE-007,B+,2025-Spring,4,3.32,active
AC-3153,COURSE-007,B-,2025-Spring,4,2.62,active
AC-3154,COURSE-005,C+,2024-Fall,3,2.35,active
AC-3154,COURSE-010,B-,2024-Fall,3,2.57,active
AC-3154,COURSE-006,C+,2024-Fall,4,2.47,active
AC-3154,COURSE-004,B-,2024-Fall,3,2.5,active
AC-3154,COURSE-005,B,2024-Fall,3,2.88,active
AC-3154,COURSE-006,B-,2025-Spring,3,2.6,active
AC-3154,COURSE-010,B-,2025-Spring,4,2.63,active
AC-3154,COURSE-001,B-,2025-Spring,3,2.8,active
AC-3155,COURSE-001,B+,2024-Fall,4,3.36,active
AC-3155,COURSE-003,B-,2024-Fall,3,2.65,active
AC-3155,COURSE-006,B+,2024-Fall,3,3.47,active
AC-3155,COURSE-004,B,2024-Fall,3,2.89,active
AC-3155,COURSE-008,B-,2024-Fall,4,2.75,active
AC-3155,COURSE-001,B+,2025-Spring,4,3.15,active
AC-3155,COURSE-005,B+,2025-Spring,3,3.41,active
AC-3155,COURSE-003,B-,2025-Spring,3,2.76,active
AC-3155,COURSE-008,B,2025-Spring,3,2.93,active
AC-3155,COURSE-004,B,2025-Spring,4,3.11,active
AC-3156,COURSE-008,B-,2024-Fall,3,2.57,active
AC-3156,COURSE-005,B-,2024-Fall,4,2.79,active
AC-3156,COURSE-007,B,2024-Fall,4,2.93,active
AC-3156,COURSE-010,C+,2025-Spring,4,2.21,active
AC-3156,COURSE-005,C,2025-Spring,4,1.89,active
AC-3156,COURSE-010,C,2025-Spring,4,2.11,active
AC-3156,COURSE-008,B-,2025-Spring,4,2.75,active
AC-3156,COURSE-006,C+,2025-Spring,3,2.43,active
AC-3157,COURSE-009,C+,2024-Fall,4,2.43,active
AC-3157,COURSE-004,B-,2024-Fall,3,2.65,active
AC-3157,COURSE-001,C+,2024-Fall,4,2.5,active
AC-3157,COURSE-004,B-,2025-Spring,4,2.63,active
AC-3157,COURSE-009,B-,2025-Spring,4,2.74,active
AC-3157,COURSE-008,B,2025-Spring,3,2.94,active
AC-3157,COURSE-005,C,2025-Spring,3,2.12,active
AC-3158,COURSE-007,B-,2024-Fall,4,2.61,active
AC-3158,COURSE-002,C+,2024-Fall,3,2.37,active
AC-3158,COURSE-001,C,2024-Fall,4,1.98,active
AC-3158,COURSE-001,B-,2024-Fall,3,2.51,active
AC-3158,COURSE-003,C,2025-Spring,4,2.13,active
AC-3158,COURSE-010,C+,2025-Spring,3,2.19,active
AC-3158,COURSE-010,C,2025-Spring,4,2.03,active
AC-3159,COURSE-002,B,2024-Fall,4,3.06,active
AC-3159,COURSE-010,B,2024-Fall,4,3.09,active
AC-3159,COURSE-007,B,2024-Fall,3,2.95,active
AC-3159,COURSE-005,B,2025-Spring,3,3.11,active
AC-3159,COURSE-002,B,2025-Spring,3,3.11,active
AC-3159,COURSE-001,B,2025-Spring,4,3.06,active
AC-3159,COURSE-007,B,2025-Spring,3,2.93,active
AC-3159,COURSE-003,B-,2025-Spring,3,2.75,active
AC-3160,COURSE-002,B+,2024-Fall,4,3.41,active
AC-3160,COURSE-006,B,2024-Fall,3,2.94,active
AC-3160,COURSE-007,B+,2024-Fall,3,3.16,active
AC-3160,COURSE-001,A-,2024-Fall,3,3.52,active
AC-3160,COURSE-003,B-,2024-Fall,3,2.84,active
AC-3160,COURSE-007,B+,2025-Spring,4,3.38,active
AC-3160,COURSE-009,B+,2025-Spring,3,3.22,active
AC-3160,COURSE-002,A-,2025-Spring,3,3.67,active
AC-3160,COURSE-010,B+,2025-Spring,3,3.17,active
AC-3160,COURSE-007,B-,2025-Spring,4,2.73,active
AC-3161,COURSE-007,A-,2024-Fall,4,3.71,active
AC-3161,COURSE-007,A,2024-Fall,3,3.98,active
AC-3161,COURSE-004,A-,2024-Fall,4,3.72,active
AC-3161,COURSE-006,A,2025-Spring,3,3.9,active
AC-3161,COURSE-002,A,2025-Spring,4,4.0,active
AC-3161,COURSE-002,A,2025-Spring,4,4.0,active
AC-3161,COURSE-008,A,2025-Spring,4,4.0,active
AC-3161,COURSE-008,A,2025-Spring,4,4.0,active
AC-3162,COURSE-005,B+,2024-Fall,3,3.24,active
AC-3162,COURSE-002,A,2024-Fall,3,3.92,active
AC-3162,COURSE-004,A,2024-Fall,4,3.85,active
AC-3162,COURSE-007,B+,2025-Spring,4,3.31,active
AC-3162,COURSE-003,A-,2025-Spring,4,3.6,active
AC-3162,COURSE-006,B+,2025-Spring,3,3.23,active
AC-3163,COURSE-002,B+,2024-Fall,4,3.25,active
AC-3163,COURSE-008,B+,2024-Fall,3,3.25,active
AC-3163,COURSE-007,B,2024-Fall,4,2.9,active
AC-3163,COURSE-010,B-,2025-Spring,4,2.8,active
AC-3163,COURSE-006,B-,2025-Spring,4,2.62,active
AC-3163,COURSE-001,B,2025-Spring,3,2.86,active
AC-3163,COURSE-005,B+,2025-Spring,4,3.3,active
AC-3163,COURSE-010,B,2025-Spring,4,2.87,active
AC-3164,COURSE-002,B-,2024-Fall,3,2.55,active
AC-3164,COURSE-006,B-,2024-Fall,3,2.65,active
AC-3164,COURSE-001,B-,2024-Fall,3,2.55,active
AC-3164,COURSE-007,C+,2024-Fall,3,2.18,active
AC-3164,COURSE-005,C+,2025-Spring,3,2.38,active
AC-3164,COURSE-004,B,2025-Spring,3,2.97,active
AC-3164,COURSE-002,B-,2025-Spring,4,2.83,active
AC-3165,COURSE-006,B+,2024-Fall,3,3.33,active
AC-3165,COURSE-004,A-,2024-Fall,4,3.56,active
AC-3165,COURSE-008,B+,2024-Fall,3,3.16,active
AC-3165,COURSE-009,B+,2024-Fall,4,3.48,active
AC-3165,COURSE-006,B,2024-Fall,4,3.04,active
AC-3165,COURSE-007,B+,2025-Spring,3,3.19,active
AC-3165,COURSE-003,B+,2025-Spring,3,3.47,active
AC-3165,COURSE-007,B,2025-Spring,4,3.08,active
AC-3166,COURSE-004,A,2024-Fall,3,4.0,active
AC-3166,COURSE-002,A-,2024-Fall,4,3.67,active
AC-3166,COURSE-004,A,2024-Fall,4,3.89,active
AC-3166,COURSE-002,A,2024-Fall,3,4.0,active
AC-3166,COURSE-008,A-,2025-Spring,3,3.68,active
AC-3166,COURSE-008,A,2025-Spring,3,4.0,active
AC-3166,COURSE-008,A,2025-Spring,4,4.0,active
AC-3166,COURSE-006,A,2025-Spring,3,4.0,active
AC-3167,COURSE-010,A-,2024-Fall,4,3.55,active
AC-3167,COURSE-010,A-,2024-Fall,4,3.51,active
AC-3167,COURSE-008,B+,2024-Fall,3,3.26,active
AC-3167,COURSE-007,B+,2025-Spring,4,3.36,active
AC-3167,COURSE-004,A-,2025-Spring,4,3.57,active
AC-3167,COURSE-004,B,2025-Spring,4,2.88,active
AC-3167,COURSE-004,B+,2025-Spring,4,3.3,active
AC-3168,COURSE-010,A-,2024-Fall,4,3.72,active
AC-3168,COURSE-006,B+,2024-Fall,3,3.3,active
AC-3168,COURSE-003,B+,2024-Fall,4,3.24,active
AC-3168,COURSE-004,A-,2024-Fall,4,3.68,active
AC-3168,COURSE-005,A-,2024-Fall,4,3.63,active
AC-3168,COURSE-010,B,2025-Spring,4,3.13,active
AC-3168,COURSE-006,B,2025-Spring,3,3.11,active
AC-3168,COURSE-010,A-,2025-Spring,4,3.71,active
AC-3168,COURSE-005,B,2025-Spring,3,3.08,active
AC-3168,COURSE-001,A,2025-Spring,4,3.96,active
AC-3169,COURSE-001,B+,2024-Fall,4,3.18,active
AC-3169,COURSE-006,B,2024-Fall,4,3.1,active
AC-3169,COURSE-003,B+,2024-Fall,3,3.17,active
AC-3169,COURSE-004,B,2024-Fall,4,2.94,active
AC-3169,COURSE-009,B,2024-Fall,3,2.9,active
AC-3169,COURSE-010,A-,2025-Spring,3,3.58,withdrawn
AC-3169,COURSE-006,B,2025-Spring,3,3.05,withdrawn
AC-3169,COURSE-001,B,2025-Spring,3,2.99,withdrawn
AC-3170,COURSE-001,B-,2024-Fall,3,2.76,active
AC-3170,COURSE-008,B,2024-Fall,4,3.12,active
AC-3170,COURSE-001,B,2024-Fall,4,3.05,active
AC-3170,COURSE-001,B,2024-Fall,3,3.15,active
AC-3170,COURSE-007,B+,2024-Fall,4,3.16,active
AC-3170,COURSE-002,B,2025-Spring,4,2.9,active
AC-3170,COURSE-003,B,2025-Spring,4,2.98,active
AC-3170,COURSE-007,B-,2025-Spring,3,2.64,active
AC-3170,COURSE-003,B-,2025-Spring,4,2.52,active
AC-3171,COURSE-001,B-,2024-Fall,4,2.79,active
AC-3171,COURSE-004,B-,2024-Fall,3,2.56,active
AC-3171,COURSE-004,B,2024-Fall,3,3.12,active
AC-3171,COURSE-006,B,2024-Fall,3,3.09,active
AC-3171,COURSE-008,B-,2025-Spring,4,2.66,active
AC-3171,COURSE-008,C+,2025-Spring,4,2.34,active
AC-3171,COURSE-007,B,2025-Spring,4,2.92,active
AC-3172,COURSE-007,B+,2024-Fall,3,3.21,active
AC-3172,COURSE-004,A-,2024-Fall,4,3.6,active
AC-3172,COURSE-008,B+,2024-Fall,4,3.22,active
AC-3172,COURSE-004,B+,2024-Fall,3,3.26,active
AC-3172,COURSE-008,B+,2024-Fall,3,3.2,active
AC-3172,COURSE-010,B,2025-Spring,4,2.95,active
AC-3172,COURSE-003,B+,2025-Spring,3,3.43,active
AC-3172,COURSE-004,A-,2025-Spring,3,3.61,active
AC-3172,COURSE-001,A-,2025-Spring,4,3.57,active
AC-3172,COURSE-007,B+,2025-Spring,4,3.22,active
AC-3173,COURSE-007,B+,2024-Fall,3,3.5,active
AC-3173,COURSE-006,A-,2024-Fall,3,3.63,active
AC-3173,COURSE-003,A-,2024-Fall,3,3.56,active
AC-3173,COURSE-009,A-,2025-Spring,4,3.68,active
AC-3173,COURSE-009,A,2025-Spring,3,3.89,active
AC-3173,COURSE-009,B+,2025-Spring,3,3.21,active
AC-3174,COURSE-002,B,2024-Fall,3,2.86,active
AC-3174,COURSE-001,B,2024-Fall,4,3.14,active
AC-3174,COURSE-006,B,2024-Fall,3,2.87,active
AC-3174,COURSE-003,B,2025-Spring,3,2.86,withdrawn
AC-3174,COURSE-005,B,2025-Spring,3,3.1,withdrawn
AC-3174,COURSE-007,B,2025-Spring,3,2.92,withdrawn
AC-3175,COURSE-006,B+,2024-Fall,3,3.44,active
AC-3175,COURSE-007,B,2024-Fall,4,2.92,active
AC-3175,COURSE-009,B,2024-Fall,3,3.02,active
AC-3175,COURSE-002,B+,2024-Fall,4,3.24,active
AC-3175,COURSE-010,B,2025-Spring,4,3.07,active
AC-3175,COURSE-009,B-,2025-Spring,4,2.6,active
AC-3175,COURSE-001,B+,2025-Spring,3,3.34,active
AC-3176,COURSE-004,B-,2024-Fall,4,2.74,active
AC-3176,COURSE-005,C+,2024-Fall,3,2.22,active
AC-3176,COURSE-008,B-,2024-Fall,3,2.72,active
AC-3176,COURSE-006,B-,2024-Fall,3,2.7,active
AC-3176,COURSE-006,B-,2024-Fall,3,2.82,active
AC-3176,COURSE-002,C+,2025-Spring,3,2.41,active
AC-3176,COURSE-005,B-,2025-Spring,3,2.75,active
AC-3176,COURSE-001,B,2025-Spring,3,2.86,active
AC-3176,COURSE-002,C+,2025-Spring,4,2.41,active
AC-3177,COURSE-003,B-,2024-Fall,4,2.63,active
AC-3177,COURSE-007,B-,2024-Fall,4,2.61,active
AC-3177,COURSE-001,B-,2024-Fall,4,2.73,active
AC-3177,COURSE-007,C+,2024-Fall,3,2.48,active
AC-3177,COURSE-004,C+,2025-Spring,3,2.24,active
AC-3177,COURSE-009,B,2025-Spring,4,2.88,active
AC-3177,COURSE-002,B-,2025-Spring,3,2.62,active
AC-3177,COURSE-007,B-,2025-Spring,4,2.85,active
AC-3178,COURSE-009,B-,2024-Fall,3,2.78,active
AC-3178,COURSE-009,B,2024-Fall,3,2.95,active
AC-3178,COURSE-004,C+,2024-Fall,3,2.37,active
AC-3178,COURSE-005,C+,2024-Fall,3,2.48,active
AC-3178,COURSE-001,B-,2025-Spring,3,2.84,active
AC-3178,COURSE-008,C,2025-Spring,4,2.06,active
AC-3178,COURSE-006,B-,2025-Spring,4,2.77,active
AC-3178,COURSE-004,B,2025-Spring,4,3.09,active
AC-3178,COURSE-006,C,2025-Spring,4,2.12,active
AC-3179,COURSE-006,A-,2024-Fall,4,3.53,active
AC-3179,COURSE-002,B,2024-Fall,4,2.89,active
AC-3179,COURSE-009,A-,2024-Fall,3,3.52,active
AC-3179,COURSE-008,B-,2024-Fall,3,2.75,active
AC-3179,COURSE-010,B+,2024-Fall,4,3.29,active
AC-3179,COURSE-008,B+,2025-Spring,3,3.46,active
AC-3179,COURSE-010,B+,2025-Spring,3,3.31,active
AC-3179,COURSE-002,B-,2025-Spring,3,2.54,active
AC-3180,COURSE-006,B+,2024-Fall,4,3.3,active
AC-3180,COURSE-001,B-,2024-Fall,3,2.85,active
AC-3180,COURSE-010,B+,2024-Fall,4,3.22,active
AC-3180,COURSE-006,B,2025-Spring,4,3.01,withdrawn
AC-3180,COURSE-006,B-,2025-Spring,4,2.57,withdrawn
AC-3180,COURSE-001,B,2025-Spring,4,3.12,withdrawn
AC-3180,COURSE-008,B-,2025-Spring,4,2.69,withdrawn
AC-3181,COURSE-001,C-,2024-Fall,4,1.67,active
AC-3181,COURSE-010,C-,2024-Fall,4,1.76,active
AC-3181,COURSE-008,C+,2024-Fall,4,2.34,active
AC-3181,COURSE-008,C+,2024-Fall,3,2.22,active
AC-3181,COURSE-009,C-,2024-Fall,4,1.56,active
AC-3181,COURSE-008,C-,2025-Spring,3,1.8,active
AC-3181,COURSE-006,C,2025-Spring,4,1.87,active
AC-3181,COURSE-005,C-,2025-Spring,3,1.83,active
AC-3182,COURSE-008,B-,2024-Fall,3,2.68,active
AC-3182,COURSE-008,B-,2024-Fall,3,2.72,active
AC-3182,COURSE-004,B+,2024-Fall,3,3.24,active
AC-3182,COURSE-004,B-,2025-Spring,4,2.69,active
AC-3182,COURSE-005,B,2025-Spring,4,2.98,active
AC-3182,COURSE-006,B-,2025-Spring,3,2.56,active
AC-3182,COURSE-008,B-,2025-Spring,4,2.73,active
AC-3183,COURSE-004,C-,2024-Fall,4,1.82,active
AC-3183,COURSE-005,C+,2024-Fall,3,2.5,active
AC-3183,COURSE-002,B-,2024-Fall,3,2.81,active
AC-3183,COURSE-006,C+,2024-Fall,3,2.23,active
AC-3183,COURSE-007,B-,2025-Spring,4,2.57,active
AC-3183,COURSE-001,C+,2025-Spring,4,2.38,active
AC-3183,COURSE-007,C+,2025-Spring,4,2.44,active
AC-3183,COURSE-005,C,2025-Spring,3,2.09,active
AC-3183,COURSE-001,C+,2025-Spring,4,2.29,active
AC-3184,COURSE-001,B-,2024-Fall,4,2.75,active
AC-3184,COURSE-010,B-,2024-Fall,3,2.82,active
AC-3184,COURSE-010,B,2024-Fall,4,2.88,active
AC-3184,COURSE-006,B+,2024-Fall,4,3.27,active
AC-3184,COURSE-009,B+,2024-Fall,3,3.46,active
AC-3184,COURSE-005,B-,2025-Spring,3,2.58,active
AC-3184,COURSE-006,B+,2025-Spring,4,3.44,active
AC-3184,COURSE-002,B-,2025-Spring,3,2.85,active
AC-3184,COURSE-002,B-,2025-Spring,4,2.64,active
AC-3184,COURSE-007,B+,2025-Spring,3,3.18,active
AC-3185,COURSE-001,A,2024-Fall,3,4.0,active
AC-3185,COURSE-009,A-,2024-Fall,3,3.68,active
AC-3185,COURSE-001,A,2024-Fall,3,3.91,active
AC-3185,COURSE-008,A-,2025-Spring,3,3.79,active
AC-3185,COURSE-009,A-,2025-Spring,4,3.82,active
AC-3185,COURSE-010,A,2025-Spring,3,3.91,active
AC-3186,COURSE-009,A-,2024-Fall,4,3.58,active
AC-3186,COURSE-003,B,2024-Fall,3,3.12,active
AC-3186,COURSE-005,A-,2024-Fall,4,3.75,active
AC-3186,COURSE-004,A,2024-Fall,4,3.94,active
AC-3186,COURSE-003,B,2024-Fall,3,3.02,active
AC-3186,COURSE-001,A-,2025-Spring,3,3.64,withdrawn
AC-3186,COURSE-002,A-,2025-Spring,3,3.74,withdrawn
AC-3186,COURSE-001,A-,2025-Spring,4,3.54,withdrawn
AC-3186,COURSE-003,B+,2025-Spring,3,3.39,withdrawn
AC-3186,COURSE-001,B+,2025-Spring,3,3.39,withdrawn
AC-3187,COURSE-008,B-,2024-Fall,3,2.59,active
AC-3187,COURSE-005,C+,2024-Fall,3,2.24,active
AC-3187,COURSE-007,C-,2024-Fall,4,1.81,active
AC-3187,COURSE-002,C-,2024-Fall,4,1.77,active
AC-3187,COURSE-010,C,2025-Spring,4,2.03,active
AC-3187,COURSE-003,C,2025-Spring,4,1.94,active
AC-3187,COURSE-008,C+,2025-Spring,3,2.48,active
AC-3187,COURSE-002,B-,2025-Spring,3,2.53,active
AC-3187,COURSE-003,C,2025-Spring,4,2.13,active
AC-3188,COURSE-005,B+,2024-Fall,4,3.41,active
AC-3188,COURSE-002,A,2024-Fall,4,4.0,active
AC-3188,COURSE-009,B,2024-Fall,3,3.04,active
AC-3188,COURSE-007,A-,2025-Spring,3,3.58,active
AC-3188,COURSE-006,A-,2025-Spring,4,3.83,active
AC-3188,COURSE-009,A,2025-Spring,3,4.0,active
AC-3188,COURSE-007,A-,2025-Spring,3,3.66,active
AC-3189,COURSE-004,A-,2024-Fall,4,3.6,active
AC-3189,COURSE-005,B+,2024-Fall,4,3.23,active
AC-3189,COURSE-006,A,2024-Fall,3,4.0,active
AC-3189,COURSE-002,A-,2024-Fall,3,3.82,active
AC-3189,COURSE-002,A,2024-Fall,3,4.0,active
AC-3189,COURSE-006,A,2025-Spring,4,4.0,active
AC-3189,COURSE-008,A,2025-Spring,3,4.0,active
AC-3189,COURSE-002,A-,2025-Spring,4,3.65,active
AC-3189,COURSE-007,A-,2025-Spring,3,3.81,active
AC-3190,COURSE-001,C-,2024-Fall,4,1.83,active
AC-3190,COURSE-005,C,2024-Fall,3,2.13,active
AC-3190,COURSE-009,C,2024-Fall,3,2.01,active
AC-3190,COURSE-001,C-,2025-Spring,3,1.73,active
AC-3190,COURSE-010,C,2025-Spring,4,2.04,active
AC-3190,COURSE-003,C-,2025-Spring,4,1.53,active
AC-3190,COURSE-003,C-,2025-Spring,3,1.8,active
AC-3191,COURSE-010,A-,2024-Fall,3,3.83,active
AC-3191,COURSE-010,B,2024-Fall,3,2.88,active
AC-3191,COURSE-006,B,2024-Fall,4,3.01,active
AC-3191,COURSE-004,B-,2025-Spring,3,2.69,active
AC-3191,COURSE-007,B,2025-Spring,4,3.02,active
AC-3191,COURSE-006,B+,2025-Spring,4,3.2,active
AC-3191,COURSE-003,A-,2025-Spring,3,3.57,active
AC-3192,COURSE-001,B-,2024-Fall,3,2.71,active
AC-3192,COURSE-004,B-,2024-Fall,4,2.56,active
AC-3192,COURSE-001,B-,2024-Fall,3,2.54,active
AC-3192,COURSE-006,C+,2024-Fall,3,2.44,active
AC-3192,COURSE-009,C+,2025-Spring,3,2.31,active
AC-3192,COURSE-010,B-,2025-Spring,3,2.6,active
AC-3192,COURSE-007,B-,2025-Spring,4,2.6,active
AC-3192,COURSE-001,C+,2025-Spring,4,2.49,active
AC-3193,COURSE-004,B,2024-Fall,4,2.87,active
AC-3193,COURSE-003,B-,2024-Fall,3,2.56,active
AC-3193,COURSE-008,B-,2024-Fall,3,2.55,active
AC-3193,COURSE-003,C,2025-Spring,3,1.99,active
AC-3193,COURSE-008,B,2025-Spring,3,2.9,active
AC-3193,COURSE-005,B-,2025-Spring,4,2.53,active
AC-3193,COURSE-006,B-,2025-Spring,3,2.6,active
AC-3194,COURSE-002,A,2024-Fall,3,4.0,active
AC-3194,COURSE-003,B+,2024-Fall,4,3.47,active
AC-3194,COURSE-001,A,2024-Fall,4,4.0,active
AC-3194,COURSE-006,A-,2024-Fall,4,3.64,active
AC-3194,COURSE-006,A,2025-Spring,4,4.0,active
AC-3194,COURSE-008,B+,2025-Spring,3,3.18,active
AC-3194,COURSE-005,A,2025-Spring,4,3.9,active
AC-3194,COURSE-009,A-,2025-Spring,3,3.75,active
AC-3195,COURSE-005,A-,2024-Fall,3,3.57,active
AC-3195,COURSE-002,B,2024-Fall,4,2.89,active
AC-3195,COURSE-005,B+,2024-Fall,3,3.19,active
AC-3195,COURSE-002,B+,2024-Fall,3,3.49,active
AC-3195,COURSE-008,B+,2025-Spring,3,3.15,active
AC-3195,COURSE-002,B,2025-Spring,3,3.12,active
AC-3195,COURSE-005,B-,2025-Spring,3,2.8,active
AC-3195,COURSE-006,B,2025-Spring,4,2.92,active
AC-3195,COURSE-009,B+,2025-Spring,4,3.18,active
AC-3196,COURSE-009,A,2024-Fall,3,4.0,active
AC-3196,COURSE-006,A,2024-Fall,3,3.99,active
AC-3196,COURSE-001,A,2024-Fall,3,4.0,active
AC-3196,COURSE-010,A,2025-Spring,4,4.0,active
AC-3196,COURSE-007,A,2025-Spring,4,4.0,active
AC-3196,COURSE-009,A,2025-Spring,4,4.0,active
AC-3197,COURSE-006,A-,2024-Fall,4,3.72,active
AC-3197,COURSE-003,A,2024-Fall,3,3.88,active
AC-3197,COURSE-002,A,2024-Fall,3,4.0,active
AC-3197,COURSE-002,A-,2025-Spring,3,3.83,active
AC-3197,COURSE-005,A,2025-Spring,3,4.0,active
AC-3197,COURSE-001,A,2025-Spring,4,4.0,active
AC-3198,COURSE-006,B+,2024-Fall,4,3.2,active
AC-3198,COURSE-001,B-,2024-Fall,4,2.76,active
AC-3198,COURSE-006,B,2024-Fall,3,2.9,active
AC-3198,COURSE-004,B-,2024-Fall,4,2.63,active
AC-3198,COURSE-002,B-,2025-Spring,4,2.7,active
AC-3198,COURSE-004,B+,2025-Spring,4,3.42,active
AC-3198,COURSE-010,B-,2025-Spring,4,2.75,active
AC-3199,COURSE-008,B,2024-Fall,4,3.1,active
AC-3199,COURSE-010,B,2024-Fall,4,2.94,active
AC-3199,COURSE-010,A-,2024-Fall,4,3.58,active
AC-3199,COURSE-006,B-,2024-Fall,3,2.85,active
AC-3199,COURSE-010,B+,2024-Fall,3,3.43,active
AC-3199,COURSE-005,B+,2025-Spring,3,3.4,active
AC-3199,COURSE-007,B+,2025-Spring,3,3.17,active
AC-3199,COURSE-005,B+,2025-Spring,3,3.21,active
AC-3199,COURSE-001,B-,2025-Spring,3,2.64,active
AC-3199,COURSE-002,B+,2025-Spring,4,3.19,active
AC-3200,COURSE-002,A-,2024-Fall,3,3.78,active
AC-3200,COURSE-001,A,2024-Fall,3,4.0,active
AC-3200,COURSE-007,A,2024-Fall,4,4.0,active
AC-3200,COURSE-001,A,2025-Spring,3,4.0,active
AC-3200,COURSE-001,A-,2025-Spring,3,3.72,active
AC-3200,COURSE-004,A,2025-Spring,3,3.98,active
AC-3200,COURSE-007,A-,2025-Spring,3,3.76,active
AC-3200,COURSE-004,A-,2025-Spring,4,3.83,active
